data,dayname,somma_polli,t_media,t_min,umidità_percentuale,fenomeni,juventus,feste
2015-01-01,giovedì,6,0,-5,81,sole,0,Primo dell'Anno
2015-01-02,venerdì,9,0,-4,85,sole,0,0
2015-01-03,sabato,14,4,-1,78,sole,0,0
2015-01-04,domenica,10,3,-3,68,sole,0,0
2015-01-05,lunedì,14,4,-3,56,sole,0,0
2015-01-06,martedì,13,2,-3,80,sole,0,Epifania
2015-01-07,mercoledì,4,3,-1,83,sole,serie A,0
2015-01-08,giovedì,10,4,1,84,sole,0,0
2015-01-09,venerdì,13,2,-1,91,nebbia ,0,0
2015-01-10,sabato,14,2,-1,90,nebbia ,0,0
2015-01-11,domenica,6,1,-2,91,nebbia ,0,0
2015-01-13,martedì,13,3,-2,70,sole,0,0
2015-01-14,mercoledì,13,4,1,87,nebbia ,0,0
2015-01-15,giovedì,8,4,0,88,pioggia nebbia ,0,0
2015-01-16,venerdì,15,7,4,80,pioggia ,0,0
2015-01-17,sabato,20,9,5,86,pioggia ,0,0
2015-01-18,domenica,18,5,1,80,sole,0,0
2015-01-20,martedì,16,2,-1,89,nebbia ,0,0
2015-01-21,mercoledì,12,4,1,85,pioggia ,0,0
2015-01-22,giovedì,7,6,5,87,pioggia ,0,0
2015-01-23,venerdì,11,6,2,80,sole,0,0
2015-01-24,sabato,28,5,2,75,sole,0,0
2015-01-25,domenica,26,5,2,73,sole,0,0
2015-01-27,martedì,11,1,-2,81,sole,0,0
2015-01-28,mercoledì,18,2,-2,56,sole,0,0
2015-01-29,giovedì,18,1,-2,77,pioggia ,0,0
2015-01-30,venerdì,24,2,-1,82,pioggia ,0,0
2015-01-31,sabato,32,2,-4,68,sole,0,0
2015-02-01,domenica,29,3,-1,67,sole,0,0
2015-02-03,martedì,17,3,-2,68,sole,0,0
2015-02-04,mercoledì,16,6,3,59,sole,0,0
2015-02-05,giovedì,11,5,4,84,sole,0,0
2015-02-06,venerdì,25,3,1,87,sole,0,0
2015-02-07,sabato,28,4,1,76,sole,0,0
2015-02-08,domenica,19,1,-3,88,sole,serie A,0
2015-02-10,martedì,22,2,-3,76,sole,0,0
2015-02-11,mercoledì,19,4,0,82,sole,0,0
2015-02-12,giovedì,19,5,-1,82,sole,0,Giovedì Grasso
2015-02-13,venerdì,22,6,5,80,sole,0,0
2015-02-14,sabato,33,6,4,89,sole,0,San Valentino
2015-02-15,domenica,28,8,6,83,sole,0,Carnevale
2015-02-17,martedì,21,9,4,58,sole,0,Martedì Grasso
2015-02-18,mercoledì,10,6,0,68,sole,0,0
2015-02-19,giovedì,20,4,-1,80,sole,0,0
2015-02-20,venerdì,17,4,-1,84,sole,0,0
2015-02-21,sabato,30,5,2,81,sole,serie A,0
2015-02-22,domenica,36,7,5,89,sole,0,0
2015-02-24,martedì,19,7,4,75,sole,0,0
2015-02-25,mercoledì,13,7,6,75,sole,champions,0
2015-02-26,giovedì,19,8,6,62,sole,0,0
2015-02-27,venerdì,18,8,6,67,sole,0,0
2015-02-28,sabato,33,8,1,71,sole,0,0
2015-03-01,domenica,22,7,2,79,sole,0,0
2015-03-03,martedì,20,8,1,72,nebbia ,serie A,0
2015-03-04,mercoledì,23,8,3,68,pioggia ,0,0
2015-03-05,giovedì,10,8,3,43,sole,0,0
2015-03-06,venerdì,20,7,1,34,sole,0,0
2015-03-07,sabato,37,7,1,57,sole,0,0
2015-03-08,domenica,27,7,1,59,sole,0,0
2015-03-10,martedì,20,8,1,65,sole,serie A,0
2015-03-11,mercoledì,16,10,5,66,sole,0,0
2015-03-12,giovedì,18,9,4,55,sole,0,0
2015-03-13,venerdì,22,8,2,60,sole,0,0
2015-03-14,sabato,41,8,3,62,sole,0,0
2015-03-15,domenica,34,9,3,64,pioggia ,serie A,0
2015-03-17,martedì,15,12,8,70,pioggia ,0,0
2015-03-18,mercoledì,18,10,5,76,sole,0,0
2015-03-19,giovedì,19,10,4,67,sole,champions,Festa di San Giuseppe
2015-03-20,venerdì,17,10,5,61,sole,0,0
2015-03-21,sabato,31,10,6,69,pioggia ,0,0
2015-03-22,domenica,37,9,7,79,pioggia ,0,0
2015-03-24,martedì,21,12,7,64,sole,0,0
2015-03-25,mercoledì,23,12,11,75,pioggia ,0,0
2015-03-26,giovedì,19,11,10,91,pioggia ,0,0
2015-03-27,venerdì,16,12,10,74,sole,0,0
2015-03-28,sabato,39,13,8,33,sole,0,0
2015-03-29,domenica,20,12,6,58,sole,0,Domenica delle Palme
2015-03-31,martedì,16,14,6,71,sole,0,0
2015-04-01,mercoledì,15,13,6,51,nebbia ,0,0
2015-04-02,giovedì,16,12,5,39,sole,0,0
2015-04-03,venerdì,14,11,7,47,sole,0,0
2015-04-04,sabato,17,10,8,53,sole,0,0
2015-04-05,domenica,5,9,6,62,pioggia ,serie A,Pasqua
2015-04-07,martedì,8,10,2,37,sole,0,0
2015-04-08,mercoledì,15,11,2,46,sole,0,0
2015-04-09,giovedì,12,13,6,53,sole,0,0
2015-04-10,venerdì,19,14,7,62,sole,0,0
2015-04-11,sabato,27,13,6,67,sole,0,0
2015-04-12,domenica,28,15,8,67,nebbia ,serie A,0
2015-04-14,martedì,17,17,10,60,sole,0,0
2015-04-15,mercoledì,17,18,10,58,sole,champions,0
2015-04-16,giovedì,18,17,10,65,pioggia ,0,0
2015-04-17,venerdì,25,15,12,84,pioggia ,0,0
2015-04-18,sabato,40,13,8,77,pioggia temporale nebbia ,0,0
2015-04-19,domenica,25,11,7,51,sole,serie A,0
2015-04-21,martedì,21,16,8,52,sole,0,0
2015-04-22,mercoledì,17,18,8,48,sole,0,0
2015-04-23,giovedì,19,17,11,56,sole,champions,0
2015-04-24,venerdì,29,16,10,67,sole,0,0
2015-04-25,sabato,36,15,9,77,pioggia ,0,Anniversario della Liberazione
2015-04-26,domenica,27,16,11,81,pioggia ,0,0
2015-04-28,martedì,26,16,13,79,pioggia ,0,0
2015-04-29,mercoledì,15,15,11,71,sole,0,0
2015-04-30,giovedì,18,15,12,74,pioggia ,serie A,0
2015-05-01,venerdì,29,13,10,91,pioggia ,0,Festa dei Lavoratori
2015-05-02,sabato,22,17,12,80,pioggia nebbia ,0,0
2015-05-03,domenica,29,18,15,80,pioggia ,serie A,0
2015-05-05,martedì,23,20,15,77,nebbia ,0,0
2015-05-06,mercoledì,25,20,16,72,sole,champions,0
2015-05-07,giovedì,24,21,16,62,sole,0,0
2015-05-08,venerdì,27,21,15,62,pioggia temporale ,0,0
2015-05-09,sabato,38,20,15,65,sole,0,0
2015-05-10,domenica,29,22,15,50,sole,serie A,Festa della Mamma
2015-05-12,martedì,16,22,15,53,sole,0,0
2015-05-13,mercoledì,16,21,15,62,sole,0,0
2015-05-14,giovedì,10,22,15,70,sole,champions,0
2015-05-15,venerdì,17,19,17,76,pioggia temporale ,0,0
2015-05-16,sabato,27,20,15,74,pioggia temporale ,0,0
2015-05-17,domenica,23,23,16,56,sole,serie A,0
2015-05-19,martedì,16,23,18,62,pioggia temporale ,0,0
2015-05-20,mercoledì,24,19,15,77,pioggia ,0,0
2015-05-21,giovedì,24,14,11,85,pioggia temporale ,0,0
2015-05-22,venerdì,17,14,12,83,pioggia ,0,0
2015-05-23,sabato,33,14,12,87,pioggia ,0,0
2015-05-24,domenica,29,17,13,65,pioggia ,serie A,Pentecoste
2015-05-26,martedì,22,18,15,78,pioggia temporale ,0,0
2015-05-27,mercoledì,22,18,15,67,pioggia ,0,0
2015-05-28,giovedì,23,19,14,59,sole,0,0
2015-05-29,venerdì,17,19,13,59,sole,0,0
2015-05-30,sabato,32,21,15,65,sole,0,0
2015-05-31,domenica,20,21,17,69,sole,serie A,0
2015-06-01,lunedì,15,22,16,65,sole,0,0
2015-06-02,martedì,24,24,18,62,sole,0,Festa della Repubblica
2015-06-03,mercoledì,17,25,18,62,sole,0,0
2015-06-04,giovedì,24,27,22,59,sole,0,0
2015-06-05,venerdì,22,27,21,61,sole,0,0
2015-06-06,sabato,31,28,23,63,sole,0,0
2015-06-07,domenica,25,28,22,54,sole,champions,0
2015-06-09,martedì,25,24,17,60,sole,0,0
2015-06-10,mercoledì,22,25,20,60,sole,0,0
2015-06-11,giovedì,21,25,18,60,sole,0,0
2015-06-12,venerdì,18,25,20,64,sole,0,0
2015-06-13,sabato,20,25,20,63,sole,0,0
2015-06-14,domenica,25,23,19,83,sole,0,0
2015-06-16,martedì,20,21,18,77,sole,0,0
2015-06-17,mercoledì,22,21,17,67,sole,0,0
2015-06-18,giovedì,24,22,18,61,sole,0,0
2015-06-19,venerdì,21,22,19,62,sole,0,0
2015-06-20,sabato,29,20,16,64,sole,0,0
2015-06-21,domenica,24,21,16,57,sole,0,0
2015-06-23,martedì,19,23,18,72,sole,0,0
2015-06-24,mercoledì,20,20,14,57,sole,0,0
2015-06-25,giovedì,23,22,16,55,sole,0,0
2015-06-26,venerdì,30,24,16,56,sole,0,0
2015-06-27,sabato,26,25,18,58,sole,0,0
2015-06-28,domenica,24,25,19,61,sole,0,0
2015-06-30,martedì,19,25,19,58,sole,0,0
2015-07-01,mercoledì,23,26,20,49,sole,0,0
2015-07-02,giovedì,17,27,21,54,sole,0,0
2015-07-03,venerdì,32,27,21,55,sole,0,0
2015-07-04,sabato,23,27,20,58,sole,0,0
2015-07-05,domenica,25,29,22,59,sole,0,0
2015-07-07,martedì,28,31,25,60,sole,0,0
2015-07-08,mercoledì,29,29,25,63,sole,0,0
2015-07-09,giovedì,24,25,22,55,sole,0,0
2015-07-10,venerdì,27,25,22,45,sole,0,0
2015-07-11,sabato,30,25,17,51,sole,0,0
2015-07-12,domenica,29,27,20,53,sole,0,0
2015-07-14,martedì,33,28,22,55,sole,0,0
2015-07-15,mercoledì,22,28,22,61,sole,0,0
2015-07-16,giovedì,29,29,22,59,sole,0,0
2015-07-17,venerdì,19,30,24,55,sole,0,0
2015-07-18,sabato,33,29,22,50,sole,0,0
2015-07-19,domenica,23,30,23,53,sole,0,0
2015-07-21,martedì,21,30,24,53,sole,0,0
2015-07-22,mercoledì,32,31,25,51,sole,0,0
2015-07-23,giovedì,30,29,22,59,sole,0,0
2015-07-24,venerdì,26,29,22,55,sole,0,0
2015-07-25,sabato,31,28,23,57,sole,0,0
2015-07-26,domenica,40,26,22,57,sole,0,0
2015-07-28,martedì,24,27,22,61,sole,0,0
2015-07-29,mercoledì,31,26,20,68,sole,0,0
2015-07-30,giovedì,32,24,20,66,sole,0,0
2015-07-31,venerdì,34,23,18,55,sole,0,0
2015-08-01,sabato,44,21,19,70,pioggia ,0,0
2015-08-02,domenica,34,22,17,77,pioggia ,0,0
2015-08-04,martedì,29,27,20,60,sole,0,0
2015-08-05,mercoledì,27,28,22,58,sole,0,0
2015-08-06,giovedì,29,29,20,57,sole,0,0
2015-08-07,venerdì,26,29,22,54,sole,0,0
2015-08-08,sabato,27,30,24,52,sole,0,0
2015-08-09,domenica,30,29,23,52,sole,0,0
2015-08-11,martedì,27,26,18,55,sole,0,0
2015-08-12,mercoledì,27,28,19,47,sole,0,0
2015-08-13,giovedì,31,28,19,47,sole,0,0
2015-08-14,venerdì,26,27,20,52,temporale ,0,0
2015-08-15,sabato,26,25,19,65,pioggia ,0,Ferragosto
2015-08-16,domenica,29,21,19,80,pioggia temporale ,0,0
2015-08-18,martedì,31,23,17,67,temporale ,0,0
2015-08-19,mercoledì,33,19,17,83,pioggia ,0,0
2015-08-20,giovedì,34,23,16,64,sole,0,0
2015-08-21,venerdì,26,21,17,71,pioggia temporale ,0,0
2015-08-22,sabato,34,20,14,69,sole,0,0
2015-08-23,domenica,38,21,16,65,pioggia ,0,0
2015-08-25,martedì,38,23,18,77,pioggia nebbia ,0,0
2015-08-26,mercoledì,31,23,17,69,sole,0,0
2015-08-27,giovedì,27,24,18,64,sole,0,0
2015-08-28,venerdì,30,25,18,62,sole,0,0
2015-08-29,sabato,41,26,20,64,sole,0,0
2015-08-30,domenica,35,27,19,55,sole,0,0
2015-09-01,martedì,33,24,16,56,sole,0,0
2015-09-02,mercoledì,26,23,17,68,sole,0,0
2015-09-03,giovedì,26,23,19,63,sole,0,0
2015-09-04,venerdì,30,22,15,61,sole,0,0
2015-09-05,sabato,36,20,16,66,sole,0,0
2015-09-06,domenica,31,18,10,59,sole,0,0
2015-09-08,martedì,29,19,12,53,sole,0,0
2015-09-09,mercoledì,30,18,12,57,sole,0,0
2015-09-10,giovedì,36,20,16,48,sole,0,0
2015-09-11,venerdì,33,19,15,55,sole,0,0
2015-09-12,sabato,47,20,13,59,sole,0,0
2015-09-13,domenica,36,20,16,78,sole,serie A,0
2015-09-15,martedì,34,21,16,70,sole,0,0
2015-09-16,mercoledì,29,22,17,68,sole,champions,0
2015-09-17,giovedì,29,23,17,74,sole,0,0
2015-09-18,venerdì,32,23,17,63,sole,0,0
2015-09-19,sabato,42,20,13,63,sole,0,0
2015-09-20,domenica,41,20,14,64,sole,0,0
2015-09-22,martedì,33,18,13,59,sole,0,0
2015-09-24,giovedì,38,15,11,78,sole,serie A,0
2015-09-25,venerdì,37,17,11,71,sole,0,0
2015-09-26,sabato,46,18,13,75,sole,0,0
2015-09-27,domenica,43,17,14,71,sole,serie A,0
2015-09-29,martedì,28,17,14,43,sole,0,0
2015-09-30,mercoledì,23,15,10,50,sole,0,0
2015-10-01,giovedì,34,14,9,56,pioggia ,champions,0
2015-10-02,venerdì,32,16,15,57,pioggia ,0,0
2015-10-03,sabato,40,17,14,82,pioggia ,0,0
2015-10-04,domenica,31,17,13,87,pioggia temporale ,0,0
2015-10-06,martedì,26,17,16,90,pioggia ,0,0
2015-10-07,mercoledì,23,18,15,86,pioggia temporale nebbia ,0,0
2015-10-08,giovedì,22,18,15,83,pioggia ,0,0
2015-10-09,venerdì,29,17,14,78,sole,0,0
2015-10-10,sabato,44,16,13,75,sole,0,0
2015-10-11,domenica,38,16,13,75,sole,0,0
2015-10-13,martedì,25,14,14,96,pioggia ,0,0
2015-10-14,mercoledì,30,15,14,96,pioggia ,0,0
2015-10-15,giovedì,26,14,11,84,pioggia ,0,0
2015-10-16,venerdì,35,11,7,80,pioggia temporale ,0,0
2015-10-17,sabato,47,11,6,80,sole,0,0
2015-10-18,domenica,36,12,11,90,pioggia ,0,0
2015-10-20,martedì,24,11,5,74,sole,0,0
2015-10-21,mercoledì,21,10,4,69,sole,0,0
2015-10-22,giovedì,27,10,4,70,sole,champions,0
2015-10-23,venerdì,30,10,5,78,sole,0,0
2015-10-24,sabato,46,11,4,79,sole,0,0
2015-10-25,domenica,36,11,5,83,sole,0,0
2015-10-27,martedì,27,12,5,82,sole,0,0
2015-10-28,mercoledì,25,13,12,92,pioggia ,0,0
2015-10-29,giovedì,24,13,12,97,pioggia ,serie A,0
2015-10-30,venerdì,33,14,9,86,nebbia ,0,0
2015-10-31,sabato,52,12,6,73,sole,0,0
2015-11-01,domenica,32,10,5,74,sole,serie A,Ognissanti
2015-11-03,martedì,25,9,2,78,sole,0,0
2015-11-04,mercoledì,25,11,6,88,sole,champions,0
2015-11-05,giovedì,26,11,5,83,sole,0,0
2015-11-06,venerdì,32,12,6,80,sole,0,0
2015-11-07,sabato,56,12,5,81,sole,0,0
2015-11-08,domenica,28,12,6,81,sole,0,0
2015-11-10,martedì,30,9,6,95,sole,0,0
2015-11-11,mercoledì,30,7,5,99,sole,0,0
2015-11-12,giovedì,33,9,3,91,sole,0,0
2015-11-13,venerdì,36,8,6,100,sole,0,0
2015-11-14,sabato,49,9,5,95,sole,0,0
2015-11-15,domenica,33,8,5,94,sole,0,0
2015-11-17,martedì,28,9,9,95,sole,0,0
2015-11-18,mercoledì,37,10,9,99,sole,0,0
2015-11-19,giovedì,34,11,10,96,sole,0,0
2015-11-20,venerdì,41,11,10,94,sole,0,0
2015-11-21,sabato,44,9,5,93,sole,0,0
2015-11-22,domenica,33,5,2,85,sole,serie A,0
2015-11-24,martedì,22,4,0,75,sole,0,0
2015-11-25,mercoledì,25,2,-1,85,sole,0,0
2015-11-26,giovedì,30,4,-2,79,sole,champions,0
2015-11-27,venerdì,34,3,-2,78,sole,0,0
2015-11-28,sabato,55,2,-3,86,sole,0,0
2015-11-29,domenica,42,2,-2,84,sole,0,0
2015-12-02,mercoledì,30,5,-1,85,sole,0,0
2015-12-03,giovedì,38,2,-1,100,sole,0,0
2015-12-04,venerdì,33,4,0,100,sole,0,0
2015-12-05,sabato,55,6,3,94,sole,serie A,0
2015-12-06,domenica,38,5,1,96,sole,0,0
2015-12-07,lunedì,28,4,-1,98,sole,0,0
2015-12-08,martedì,30,5,1,97,sole,0,Immacolata Concezione
2015-12-09,mercoledì,32,3,0,99,sole,champions,0
2015-12-10,giovedì,27,2,1,99,sole,0,0
2015-12-11,venerdì,42,0,-2,100,sole,0,0
2015-12-12,sabato,50,1,-2,97,sole,0,0
2015-12-13,domenica,39,3,0,92,sole,0,0
2015-12-15,martedì,26,2,-2,83,sole,0,0
2015-12-16,mercoledì,30,5,1,80,sole,0,0
2015-12-17,giovedì,30,5,0,83,sole,0,0
2015-12-18,venerdì,30,4,-1,89,sole,0,0
2015-12-19,sabato,42,4,-1,91,sole,0,0
2015-12-20,domenica,32,3,-2,90,sole,0,0
2015-12-22,martedì,25,5,2,98,sole,0,0
2015-12-23,mercoledì,26,5,3,99,sole,0,0
2015-12-24,giovedì,19,7,4,91,sole,0,0
2015-12-26,sabato,19,4,2,99,sole,0,Santo Stefano
2015-12-27,domenica,24,2,1,100,sole,0,0
2015-12-29,martedì,28,2,1,99,sole,0,0
2015-12-30,mercoledì,20,7,0,70,sole,0,0
2015-12-31,giovedì,11,4,1,70,sole,0,Ultimo dell'Anno
2016-01-02,sabato,26,0,-4,98,pioggia neve nebbia ,0,0
2016-01-03,domenica,30,2,1,96,pioggia nebbia ,0,0
2016-01-05,martedì,26,3,1,94,neve ,0,0
2016-01-06,mercoledì,25,4,2,91,pioggia nebbia ,0,Epifania
2016-01-07,giovedì,18,0,-4,93,nebbia ,serie A,0
2016-01-08,venerdì,27,3,-3,86,sole,0,0
2016-01-09,sabato,43,5,4,96,pioggia nebbia ,0,0
2016-01-10,domenica,39,6,4,97,nebbia ,0,0
2016-01-12,martedì,15,7,3,76,sole,0,0
2016-01-13,mercoledì,25,5,0,68,sole,0,0
2016-01-14,giovedì,27,2,-3,90,pioggia ,0,0
2016-01-15,venerdì,33,3,0,82,sole,0,0
2016-01-16,sabato,48,4,-3,51,sole,0,0
2016-01-17,domenica,33,3,-5,43,sole,0,0
2016-01-19,martedì,25,-2,-6,57,sole,0,0
2016-01-20,mercoledì,29,-1,-5,64,sole,0,0
2016-01-21,giovedì,31,-1,-6,67,sole,0,0
2016-01-22,venerdì,39,1,-3,72,sole,0,0
2016-01-23,sabato,55,1,-3,80,sole,0,0
2016-01-24,domenica,41,0,-5,87,sole,0,0
2016-01-26,martedì,33,3,-3,82,sole,0,0
2016-01-27,mercoledì,30,4,-1,83,sole,0,0
2016-01-28,giovedì,23,7,6,81,sole,0,0
2016-01-29,venerdì,39,8,6,82,sole,0,0
2016-01-30,sabato,45,7,6,90,pioggia nebbia ,0,0
2016-01-31,domenica,32,6,5,99,nebbia ,0,0
2016-02-02,martedì,24,7,3,99,nebbia ,0,0
2016-02-03,mercoledì,20,8,5,96,pioggia nebbia ,0,0
2016-02-04,giovedì,25,5,0,78,nebbia ,serie A,Giovedì Grasso
2016-02-05,venerdì,32,5,-2,71,sole,0,0
2016-02-06,sabato,41,5,1,76,sole,0,0
2016-02-07,domenica,34,10,9,83,pioggia ,0,Carnevale
2016-02-09,martedì,22,8,6,93,pioggia ,0,Martedì Grasso
2016-02-10,mercoledì,15,8,1,61,pioggia ,0,0
2016-02-11,giovedì,20,4,-2,65,sole,0,0
2016-02-12,venerdì,22,6,2,76,pioggia ,0,0
2016-02-13,sabato,43,5,2,84,sole,0,0
2016-02-14,domenica,42,5,1,94,pioggia ,serie A,San Valentino
2016-02-16,martedì,27,9,7,76,pioggia ,0,0
2016-02-17,mercoledì,19,7,6,90,pioggia ,0,0
2016-02-18,giovedì,24,8,4,78,sole,0,0
2016-02-19,venerdì,34,9,2,69,sole,0,0
2016-02-20,sabato,47,7,2,72,sole,serie A,0
2016-02-21,domenica,33,7,0,74,sole,0,0
2016-02-23,martedì,24,10,5,83,nebbia ,0,0
2016-02-24,mercoledì,32,8,3,73,pioggia nebbia ,champions,0
2016-02-25,giovedì,26,7,3,68,sole,0,0
2016-02-26,venerdì,23,5,-1,75,pioggia nebbia ,0,0
2016-02-27,sabato,44,7,6,69,pioggia ,0,0
2016-02-28,domenica,34,12,10,77,pioggia ,serie A,0
2016-03-01,martedì,24,10,5,84,nebbia ,0,0
2016-03-02,mercoledì,35,9,4,75,pioggia ,0,0
2016-03-03,giovedì,18,7,3,68,pioggia ,0,0
2016-03-04,venerdì,23,7,2,66,sole,0,0
2016-03-05,sabato,46,8,5,78,pioggia ,0,0
2016-03-06,domenica,35,5,2,92,nebbia ,0,0
2016-03-08,martedì,25,5,1,86,pioggia ,0,0
2016-03-09,mercoledì,20,7,4,76,pioggia ,0,0
2016-03-10,giovedì,22,9,3,66,sole,0,0
2016-03-11,venerdì,31,10,5,70,sole,0,0
2016-03-12,sabato,41,11,7,64,sole,serie A,0
2016-03-13,domenica,26,11,8,56,sole,0,0
2016-03-15,martedì,12,7,0,72,pioggia ,0,0
2016-03-16,mercoledì,20,8,5,56,pioggia ,0,0
2016-03-17,giovedì,19,10,5,58,sole,champions,0
2016-03-18,venerdì,27,9,2,67,sole,0,0
2016-03-19,sabato,37,10,1,65,sole,0,Festa di San Giuseppe
2016-03-20,domenica,27,10,3,70,sole,0,Domenica delle Palme
2016-03-22,martedì,13,12,6,73,nebbia ,0,0
2016-03-23,mercoledì,22,11,5,49,sole,0,0
2016-03-24,giovedì,25,9,2,59,sole,0,0
2016-03-25,venerdì,10,10,2,54,sole,0,0
2016-03-26,sabato,26,11,4,65,sole,0,0
2016-03-29,martedì,11,13,6,74,nebbia ,0,0
2016-03-30,mercoledì,24,13,8,75,sole,0,0
2016-03-31,giovedì,26,14,6,78,sole,0,0
2016-04-01,venerdì,25,15,11,78,sole,0,0
2016-04-02,sabato,45,14,9,80,sole,0,0
2016-04-03,domenica,37,14,7,71,sole,serie A,0
2016-04-05,martedì,17,14,8,80,sole,0,0
2016-04-06,mercoledì,25,15,8,80,sole,0,0
2016-04-07,giovedì,21,15,11,77,sole,0,0
2016-04-08,venerdì,23,13,11,85,sole,0,0
2016-04-09,sabato,40,13,9,82,sole,0,0
2016-04-10,domenica,30,15,8,72,sole,serie A,0
2016-04-12,martedì,28,15,6,55,sole,0,0
2016-04-13,mercoledì,25,16,9,66,sole,0,0
2016-04-14,giovedì,24,16,11,66,sole,0,0
2016-04-15,venerdì,28,15,8,64,sole,0,0
2016-04-16,sabato,37,16,9,66,sole,0,0
2016-04-17,domenica,29,16,10,70,sole,0,0
2016-04-19,martedì,24,14,9,69,sole,0,0
2016-04-20,mercoledì,19,15,9,66,sole,0,0
2016-04-22,venerdì,27,16,11,59,sole,0,0
2016-04-23,sabato,41,15,12,77,sole,0,0
2016-04-24,domenica,37,12,9,85,sole,0,0
2016-04-26,martedì,12,11,3,69,sole,0,0
2016-04-27,mercoledì,18,13,6,60,sole,0,0
2016-04-28,giovedì,21,12,8,50,sole,0,0
2016-04-29,venerdì,22,14,8,51,sole,0,0
2016-04-30,sabato,30,14,5,56,sole,0,0
2016-05-01,domenica,30,12,10,82,pioggia ,0,Festa dei Lavoratori
2016-05-03,martedì,23,16,8,61,temporale ,0,0
2016-05-04,mercoledì,25,18,11,37,sole,0,0
2016-05-05,giovedì,27,17,12,48,sole,0,0
2016-05-06,venerdì,27,17,8,54,sole,0,0
2016-05-07,sabato,30,18,10,54,sole,0,0
2016-05-08,domenica,27,18,11,53,sole,0,Festa della Mamma
2016-05-10,martedì,23,17,14,75,pioggia ,0,0
2016-05-11,mercoledì,28,15,14,83,pioggia ,0,0
2016-05-12,giovedì,23,16,13,78,pioggia temporale ,0,0
2016-05-13,venerdì,32,15,11,82,pioggia ,0,0
2016-05-14,sabato,46,17,12,79,pioggia temporale ,0,0
2016-05-15,domenica,28,15,12,84,pioggia temporale nebbia ,serie A,Pentecoste
2016-05-17,martedì,26,14,8,69,pioggia ,0,0
2016-05-18,mercoledì,25,16,9,63,pioggia ,0,0
2016-05-19,giovedì,17,13,12,88,pioggia ,0,0
2016-05-20,venerdì,23,17,9,68,sole,0,0
2016-05-21,sabato,36,19,11,63,sole,0,0
2016-05-22,domenica,34,21,14,58,sole,0,0
2016-05-24,martedì,18,17,8,62,pioggia ,0,0
2016-05-25,mercoledì,23,19,11,63,sole,0,0
2016-05-26,giovedì,25,20,12,65,sole,0,0
2016-05-27,venerdì,32,22,15,61,sole,0,0
2016-05-28,sabato,25,22,16,62,sole,0,0
2016-05-29,domenica,31,18,15,83,pioggia temporale ,0,0
2016-05-31,martedì,9,19,15,73,sole,0,0
2016-06-01,mercoledì,23,18,13,78,pioggia ,0,0
2016-06-02,giovedì,32,18,15,84,pioggia temporale ,0,Festa della Repubblica
2016-06-03,venerdì,19,19,16,80,sole,0,0
2016-06-04,sabato,30,18,15,83,pioggia temporale ,0,0
2016-06-05,domenica,23,19,14,80,pioggia temporale ,0,0
2016-06-07,martedì,11,22,15,67,sole,0,0
2016-06-08,mercoledì,25,21,17,80,pioggia temporale ,0,0
2016-06-09,giovedì,20,19,16,86,pioggia ,0,0
2016-06-10,venerdì,15,21,15,73,pioggia ,0,0
2016-06-11,sabato,26,21,16,77,pioggia ,0,0
2016-06-12,domenica,40,19,15,79,pioggia temporale ,0,0
2016-06-14,martedì,18,19,16,82,pioggia temporale ,0,0
2016-06-15,mercoledì,21,20,14,70,pioggia temporale ,0,0
2016-06-16,giovedì,20,22,17,70,sole,0,0
2016-06-17,venerdì,28,21,15,60,pioggia temporale ,0,0
2016-06-18,sabato,23,19,12,67,pioggia temporale ,0,0
2016-06-19,domenica,36,17,14,85,pioggia temporale ,0,0
2016-06-21,martedì,23,23,16,62,sole,0,0
2016-06-22,mercoledì,32,25,18,64,sole,0,0
2016-06-23,giovedì,12,27,19,64,sole,0,0
2016-06-24,venerdì,12,28,21,66,sole,0,0
2016-06-25,sabato,26,27,22,66,pioggia temporale ,0,0
2016-06-26,domenica,33,24,20,72,pioggia temporale ,0,0
2016-06-28,martedì,19,24,18,57,sole,0,0
2016-06-29,mercoledì,24,25,17,54,sole,0,0
2016-06-30,giovedì,23,26,20,58,sole,0,0
2016-07-01,venerdì,25,26,20,62,sole,0,0
2016-07-02,sabato,41,26,20,66,sole,0,0
2016-07-03,domenica,40,25,21,76,sole,0,0
2016-07-05,martedì,25,25,18,63,sole,0,0
2016-07-06,mercoledì,24,26,18,58,sole,0,0
2016-07-07,giovedì,19,26,20,63,sole,0,0
2016-07-08,venerdì,22,26,19,65,sole,0,0
2016-07-09,sabato,15,27,21,67,sole,0,0
2016-07-10,domenica,27,29,23,64,sole,0,0
2016-07-12,martedì,23,27,22,67,sole,0,0
2016-07-13,mercoledì,20,26,20,60,sole,0,0
2016-07-14,giovedì,19,23,17,39,sole,0,0
2016-07-15,venerdì,14,21,15,50,sole,0,0
2016-07-16,sabato,19,21,12,50,sole,0,0
2016-07-17,domenica,26,23,14,50,sole,0,0
2016-07-19,martedì,23,27,20,59,sole,0,0
2016-07-20,mercoledì,19,28,20,56,sole,0,0
2016-07-21,giovedì,14,26,21,62,sole,0,0
2016-07-22,venerdì,14,27,21,62,sole,0,0
2016-07-23,sabato,24,25,22,69,sole,0,0
2016-07-24,domenica,31,25,20,69,sole,0,0
2016-07-26,martedì,21,27,22,62,sole,0,0
2016-07-27,mercoledì,16,26,19,64,sole,0,0
2016-07-28,giovedì,16,25,18,71,sole,0,0
2016-07-29,venerdì,17,26,20,67,sole,0,0
2016-07-30,sabato,23,28,22,64,sole,0,0
2016-07-31,domenica,24,25,21,66,sole,0,0
2016-08-02,martedì,18,24,18,60,sole,0,0
2016-08-03,mercoledì,22,25,19,62,sole,0,0
2016-08-04,giovedì,21,26,20,63,sole,0,0
2016-08-05,venerdì,19,22,18,73,pioggia temporale ,0,0
2016-08-06,sabato,23,23,17,53,pioggia ,0,0
2016-08-07,domenica,21,24,17,50,sole,0,0
2016-08-09,martedì,26,24,18,62,pioggia temporale ,0,0
2016-08-10,mercoledì,20,20,17,75,pioggia temporale ,0,0
2016-08-11,giovedì,19,20,15,62,pioggia ,0,0
2016-08-12,venerdì,19,20,14,62,sole,0,0
2016-08-13,sabato,23,21,15,65,sole,0,0
2016-08-16,martedì,20,25,19,66,temporale ,0,0
2016-08-17,mercoledì,22,25,19,66,temporale ,0,0
2016-08-18,giovedì,25,23,17,75,pioggia temporale ,0,0
2016-08-19,venerdì,22,23,18,79,pioggia temporale ,0,0
2016-08-20,sabato,31,24,20,79,pioggia temporale ,0,0
2016-08-21,domenica,29,24,20,79,pioggia temporale nebbia ,serie A,0
2016-08-23,martedì,20,22,15,61,sole,0,0
2016-08-24,mercoledì,24,23,16,62,sole,0,0
2016-08-25,giovedì,23,24,18,64,sole,0,0
2016-08-26,venerdì,27,23,17,64,sole,0,0
2016-08-27,sabato,22,24,4,65,sole,0,0
2016-08-28,domenica,19,25,18,67,sole,serie A,0
2016-08-30,martedì,19,24,21,67,pioggia temporale ,0,0
2016-08-31,mercoledì,24,25,19,56,sole,0,0
2016-09-01,giovedì,27,24,18,64,sole,0,0
2016-09-02,venerdì,30,25,19,63,sole,0,0
2016-09-03,sabato,28,25,19,58,sole,0,0
2016-09-04,domenica,32,25,19,60,sole,0,0
2016-09-06,martedì,25,22,15,65,sole,0,0
2016-09-07,mercoledì,19,22,14,63,sole,0,0
2016-09-08,giovedì,27,23,17,57,sole,0,0
2016-09-09,venerdì,26,24,18,56,sole,0,0
2016-09-10,sabato,34,25,18,53,sole,0,0
2016-09-11,domenica,38,24,18,58,sole,serie A,0
2016-09-13,martedì,27,24,16,60,sole,0,0
2016-09-14,mercoledì,26,24,16,63,sole,0,0
2016-09-15,giovedì,40,22,17,77,sole,champions,0
2016-09-16,venerdì,34,19,17,88,sole,0,0
2016-09-17,sabato,34,20,17,78,sole,0,0
2016-09-18,domenica,37,19,13,75,sole,0,0
2016-09-20,martedì,23,20,13,66,sole,0,0
2016-09-21,mercoledì,22,17,14,76,sole,0,0
2016-09-22,giovedì,25,18,14,65,sole,serie A,0
2016-09-23,venerdì,25,17,11,66,sole,0,0
2016-09-24,sabato,31,18,12,67,sole,0,0
2016-09-25,domenica,32,18,11,68,sole,serie A,0
2016-09-27,martedì,25,19,13,66,sole,0,0
2016-09-28,mercoledì,18,18,12,71,sole,champions,0
2016-09-29,giovedì,29,18,13,75,sole,0,0
2016-09-30,venerdì,31,18,12,73,sole,0,0
2016-10-01,sabato,31,18,11,74,pioggia ,0,0
2016-10-02,domenica,26,18,15,86,pioggia ,0,0
2016-10-04,martedì,15,16,10,62,sole,0,0
2016-10-05,mercoledì,21,13,8,72,pioggia ,0,0
2016-10-06,giovedì,25,13,8,65,sole,0,0
2016-10-07,venerdì,29,13,8,66,sole,0,0
2016-10-08,sabato,29,12,7,76,sole,0,0
2016-10-09,domenica,33,13,11,66,pioggia ,0,0
2016-10-10,lunedì,1,14,11,54,sole,0,0
2016-10-11,martedì,18,11,6,73,sole,0,0
2016-10-12,mercoledì,19,9,1,68,sole,0,0
2016-10-13,giovedì,24,10,6,77,pioggia ,0,0
2016-10-14,venerdì,31,13,10,94,pioggia temporale ,0,0
2016-10-15,sabato,31,15,13,90,pioggia ,0,0
2016-10-16,domenica,33,14,10,91,nebbia ,serie A,0
2016-10-18,martedì,17,14,10,90,nebbia ,0,0
2016-10-19,mercoledì,21,13,10,95,pioggia ,champions,0
2016-10-20,giovedì,28,12,8,93,pioggia ,0,0
2016-10-21,venerdì,27,10,5,85,sole,0,0
2016-10-22,sabato,49,11,6,85,pioggia nebbia ,0,0
2016-10-23,domenica,26,12,9,83,sole,serie A,0
2016-10-25,martedì,15,14,13,98,pioggia ,0,0
2016-10-26,mercoledì,17,15,13,97,nebbia ,0,0
2016-10-27,giovedì,22,16,11,69,pioggia ,serie A,0
2016-10-28,venerdì,26,13,9,78,sole,0,0
2016-10-29,sabato,33,11,5,84,sole,0,0
2016-10-30,domenica,19,11,5,83,nebbia ,serie A,0
2016-10-31,lunedì,17,12,6,83,nebbia ,0,0
2016-11-01,martedì,24,10,8,96,nebbia ,0,Ognissanti
2016-11-02,mercoledì,10,12,10,92,sole,0,Giorno dei Morti
2016-11-03,giovedì,14,12,8,77,sole,champions,0
2016-11-04,venerdì,18,10,6,72,sole,0,0
2016-11-05,sabato,36,10,9,96,pioggia ,0,0
2016-11-06,domenica,26,11,8,98,pioggia nebbia ,0,0
2016-11-08,martedì,18,6,2,76,sole,0,0
2016-11-09,mercoledì,19,6,-1,79,sole,0,0
2016-11-10,giovedì,10,6,2,84,sole,0,0
2016-11-11,venerdì,26,6,2,87,sole,0,0
2016-11-12,sabato,26,6,0,82,nebbia ,0,0
2016-11-13,domenica,19,6,0,77,sole,0,0
2016-11-15,martedì,19,4,0,76,sole,0,0
2016-11-16,mercoledì,14,4,-2,86,sole,0,0
2016-11-17,giovedì,17,6,0,84,sole,0,0
2016-11-18,venerdì,28,8,7,87,pioggia ,0,0
2016-11-19,sabato,42,9,8,99,pioggia nebbia ,0,0
2016-11-20,domenica,20,10,8,97,nebbia ,serie A,0
2016-11-22,martedì,15,14,9,89,sole,0,0
2016-11-23,mercoledì,21,14,12,86,pioggia ,champions,0
2016-11-24,giovedì,17,14,10,85,sole,0,0
2016-11-25,venerdì,24,15,12,85,pioggia ,0,0
2016-11-26,sabato,37,12,9,91,pioggia nebbia ,0,0
2016-11-27,domenica,30,9,7,99,nebbia ,0,0
2016-11-29,martedì,20,4,-1,49,sole,0,0
2016-11-30,mercoledì,21,2,-1,74,sole,0,0
2016-12-01,giovedì,21,2,-1,82,sole,0,0
2016-12-02,venerdì,24,3,-2,83,sole,0,0
2016-12-03,sabato,26,6,2,82,sole,0,0
2016-12-04,domenica,28,7,5,81,sole,serie A,0
2016-12-06,martedì,16,4,0,88,sole,0,0
2016-12-07,mercoledì,26,0,-2,95,sole,0,0
2016-12-08,giovedì,26,0,-3,98,sole,champions,Immacolata Concezione
2016-12-09,venerdì,31,-1,-3,98,sole,0,0
2016-12-10,sabato,26,-1,-3,97,sole,0,0
2016-12-11,domenica,22,0,-2,96,sole,0,0
2016-12-13,martedì,15,1,-1,99,sole,0,0
2016-12-14,mercoledì,20,2,2,98,sole,0,0
2016-12-15,giovedì,17,3,0,97,sole,0,0
2016-12-16,venerdì,15,3,0,89,sole,0,0
2016-12-17,sabato,40,0,-4,92,sole,0,0
2016-12-18,domenica,27,-2,-3,97,sole,serie A,0
2016-12-20,martedì,16,8,4,67,sole,0,0
2016-12-21,mercoledì,16,8,4,75,sole,0,0
2016-12-22,giovedì,9,4,-1,84,sole,0,0
2016-12-23,venerdì,22,4,-3,79,sole,0,0
2016-12-24,sabato,12,2,-2,87,sole,0,0
2016-12-26,lunedì,15,4,-1,79,sole,0,Santo Stefano
2016-12-27,martedì,14,5,-1,83,sole,0,0
2016-12-28,mercoledì,16,5,-3,63,sole,0,0
2016-12-29,giovedì,20,6,-1,68,sole,0,0
2016-12-30,venerdì,23,2,-4,80,sole,0,0
2016-12-31,sabato,19,-1,-6,87,sole,0,Ultimo dell'Anno
2017-01-01,domenica,16,-1,-6,82,nebbia ,0,Primo dell'Anno
2017-01-03,martedì,21,4,-1,68,sole,0,0
2017-01-04,mercoledì,22,0,-3,86,sole,0,0
2017-01-05,giovedì,20,3,-3,41,sole,0,0
2017-01-06,venerdì,22,1,-5,30,sole,0,Epifania
2017-01-07,sabato,29,-3,-8,57,sole,0,0
2017-01-08,domenica,34,-3,-8,65,sole,0,0
2017-01-10,martedì,9,0,-7,74,sole,0,0
2017-01-11,mercoledì,22,-2,-5,54,sole,0,0
2017-01-12,giovedì,20,0,-3,67,pioggia neve ,0,0
2017-01-13,venerdì,21,1,-1,92,pioggia neve nebbia ,0,0
2017-01-14,sabato,35,1,-5,71,sole,0,0
2017-01-15,domenica,22,2,-2,63,sole,0,0
2017-01-17,martedì,14,3,-2,40,sole,0,0
2017-01-18,mercoledì,18,2,-5,53,sole,0,0
2017-01-19,giovedì,15,2,-3,57,sole,0,0
2017-01-20,venerdì,14,1,-4,61,sole,0,0
2017-01-21,sabato,32,0,-6,64,sole,0,0
2017-01-22,domenica,32,1,-4,58,sole,0,0
2017-01-24,martedì,15,3,-4,60,sole,0,0
2017-01-25,mercoledì,13,1,-4,59,sole,0,0
2017-01-26,giovedì,17,0,-6,61,sole,0,0
2017-01-27,venerdì,30,0,-6,68,sole,0,0
2017-01-28,sabato,40,0,-4,70,sole,0,0
2017-01-29,domenica,30,-1,-6,79,sole,0,0
2017-01-31,martedì,13,3,2,96,pioggia nebbia ,0,0
2017-02-01,mercoledì,18,4,3,96,pioggia nebbia ,0,0
2017-02-02,giovedì,18,6,4,95,pioggia nebbia ,0,0
2017-02-03,venerdì,30,7,6,97,pioggia nebbia ,0,0
2017-02-04,sabato,32,7,6,97,pioggia nebbia ,0,0
2017-02-05,domenica,33,5,3,91,pioggia nebbia ,0,0
2017-02-07,martedì,15,8,4,79,sole,0,0
2017-02-08,mercoledì,23,7,4,73,sole,0,0
2017-02-09,giovedì,22,5,0,65,sole,serie A,0
2017-02-10,venerdì,26,5,4,73,pioggia ,0,0
2017-02-11,sabato,44,6,5,85,sole,0,0
2017-02-12,domenica,27,7,5,85,sole,0,0
2017-02-14,martedì,24,6,1,74,sole,0,San Valentino
2017-02-15,mercoledì,23,6,-1,78,sole,0,0
2017-02-16,giovedì,17,7,0,69,sole,0,0
2017-02-17,venerdì,25,6,0,75,sole,0,0
2017-02-18,sabato,32,6,0,77,sole,serie A,0
2017-02-19,domenica,34,3,-3,86,nebbia ,0,0
2017-02-21,martedì,17,4,3,94,nebbia ,0,0
2017-02-22,mercoledì,21,7,5,88,nebbia ,0,0
2017-02-23,giovedì,25,8,7,85,sole,champions,Giovedì Grasso
2017-02-24,venerdì,12,8,7,91,nebbia ,0,0
2017-02-25,sabato,43,8,2,59,sole,0,0
2017-02-26,domenica,39,7,0,61,sole,serie A,Carnevale
2017-02-28,martedì,27,9,7,79,pioggia ,0,Martedì Grasso
2017-03-01,mercoledì,24,10,5,60,sole,0,0
2017-03-02,giovedì,23,8,1,70,sole,0,0
2017-03-03,venerdì,23,9,4,74,sole,0,0
2017-03-04,sabato,42,9,5,89,sole,0,0
2017-03-05,domenica,37,10,5,69,sole,0,0
2017-03-07,martedì,23,11,3,45,sole,0,0
2017-03-08,mercoledì,19,11,3,32,sole,0,0
2017-03-09,giovedì,28,10,4,48,sole,0,0
2017-03-10,venerdì,37,13,5,48,sole,0,0
2017-03-11,sabato,52,9,2,43,sole,serie A,0
2017-03-12,domenica,38,9,4,51,sole,0,0
2017-03-14,martedì,30,12,3,58,sole,0,0
2017-03-15,mercoledì,27,12,5,58,sole,champions,0
2017-03-16,giovedì,19,12,5,61,sole,0,0
2017-03-17,venerdì,29,12,4,61,sole,0,0
2017-03-18,sabato,37,12,6,72,sole,0,0
2017-03-19,domenica,29,11,5,74,sole,0,Festa di San Giuseppe
2017-03-21,martedì,22,13,11,84,sole,0,0
2017-03-22,mercoledì,32,13,10,85,sole,0,0
2017-03-23,giovedì,41,14,8,80,sole,0,0
2017-03-24,venerdì,30,15,10,76,sole,0,0
2017-03-25,sabato,45,14,6,74,sole,0,0
2017-03-26,domenica,40,13,10,72,sole,0,0
2017-03-28,martedì,12,12,3,61,sole,0,0
2017-03-29,mercoledì,20,14,5,58,sole,0,0
2017-03-30,giovedì,19,16,8,53,sole,0,0
2017-03-31,venerdì,30,16,8,53,sole,0,0
2017-04-01,sabato,34,15,9,56,sole,0,0
2017-04-02,domenica,35,16,10,49,sole,0,0
2017-04-04,martedì,25,17,12,50,sole,0,0
2017-04-05,mercoledì,26,14,11,77,sole,0,0
2017-04-06,giovedì,17,14,9,77,sole,0,0
2017-04-07,venerdì,18,14,11,68,sole,0,0
2017-04-08,sabato,34,15,7,66,sole,0,0
2017-04-09,domenica,33,16,8,65,sole,serie A,Domenica delle Palme
2017-04-11,martedì,20,16,10,68,sole,0,0
2017-04-12,mercoledì,22,17,14,58,sole,champions,0
2017-04-13,giovedì,24,17,9,68,sole,0,0
2017-04-14,venerdì,22,18,13,66,sole,0,0
2017-04-15,sabato,35,16,12,76,sole,0,0
2017-04-18,martedì,14,9,4,75,sole,0,0
2017-04-19,mercoledì,23,11,3,29,sole,0,0
2017-04-20,giovedì,34,11,6,23,sole,champions,0
2017-04-21,venerdì,24,11,4,42,sole,0,0
2017-04-22,sabato,49,12,3,48,sole,0,0
2017-04-23,domenica,40,13,5,57,sole,0,0
2017-04-24,lunedì,32,15,13,60,sole,serie A,0
2017-04-25,martedì,46,15,11,79,sole,0,Anniversario della Liberazione
2017-04-26,mercoledì,26,13,13,89,sole,0,0
2017-04-27,giovedì,29,15,12,88,sole,0,0
2017-04-28,venerdì,34,12,7,69,sole,0,0
2017-04-29,sabato,42,12,4,50,sole,serie A,0
2017-04-30,domenica,40,13,5,57,sole,0,0
2017-05-01,lunedì,49,12,8,69,pioggia ,0,Festa dei Lavoratori
2017-05-02,martedì,19,13,6,68,pioggia ,0,0
2017-05-03,mercoledì,36,13,10,79,pioggia ,0,0
2017-05-04,giovedì,21,13,10,81,pioggia temporale ,champions,0
2017-05-05,venerdì,31,15,8,72,nebbia ,0,0
2017-05-06,sabato,50,14,9,77,pioggia ,0,0
2017-05-07,domenica,38,13,11,84,pioggia ,serie A,0
2017-05-09,martedì,42,15,12,76,pioggia temporale ,0,0
2017-05-10,mercoledì,51,15,11,71,sole,champions,0
2017-05-11,giovedì,44,16,10,73,sole,0,0
2017-05-12,venerdì,44,18,15,74,pioggia temporale ,0,0
2017-05-13,sabato,53,19,13,71,pioggia temporale ,0,0
2017-05-14,domenica,43,20,14,68,pioggia temporale ,0,Festa della Mamma
2017-05-16,martedì,32,21,14,60,sole,0,0
2017-05-17,mercoledì,39,23,15,54,sole,0,0
2017-05-18,giovedì,34,22,17,56,sole,0,0
2017-05-19,venerdì,35,19,15,71,pioggia temporale ,0,0
2017-05-20,sabato,48,15,10,81,pioggia temporale ,0,0
2017-05-21,domenica,34,20,12,57,sole,0,0
2017-05-23,martedì,21,22,15,54,sole,0,0
2017-05-24,mercoledì,24,22,16,63,sole,0,0
2017-05-25,giovedì,29,21,18,63,sole,0,0
2017-05-26,venerdì,26,21,16,51,sole,0,0
2017-05-27,sabato,27,22,14,54,sole,0,0
2017-05-28,domenica,32,27,22,40,sole,serie A,0
2017-05-30,martedì,47,24,17,55,sole,0,0
2017-05-31,mercoledì,52,25,18,56,sole,0,0
2017-06-01,giovedì,25,24,18,59,sole,0,0
2017-06-02,venerdì,26,24,17,56,sole,0,Festa della Repubblica
2017-06-03,sabato,31,25,17,54,sole,0,0
2017-06-04,domenica,32,24,17,57,sole,champions,Pentecoste
2017-06-06,martedì,53,20,17,79,sole,0,0
2017-06-07,mercoledì,30,21,14,64,sole,0,0
2017-06-08,giovedì,26,20,15,46,sole,0,0
2017-06-09,venerdì,28,21,14,52,sole,0,0
2017-06-10,sabato,33,23,17,55,sole,0,0
2017-06-11,domenica,33,25,17,53,sole,0,0
2017-06-13,martedì,45,26,19,56,sole,0,0
2017-06-14,mercoledì,31,25,21,64,sole,0,0
2017-06-15,giovedì,27,25,20,72,sole,0,0
2017-06-16,venerdì,25,27,21,66,sole,0,0
2017-06-17,sabato,22,27,21,59,sole,0,0
2017-06-18,domenica,33,24,20,48,sole,0,0
2017-06-20,martedì,32,26,19,50,sole,0,0
2017-06-21,mercoledì,17,28,20,49,sole,0,0
2017-06-22,giovedì,20,29,21,55,sole,0,0
2017-06-23,venerdì,18,29,22,59,sole,0,0
2017-06-24,sabato,28,29,22,65,sole,0,0
2017-06-25,domenica,26,25,21,73,sole,0,0
2017-06-27,martedì,17,26,21,57,sole,0,0
2017-06-28,mercoledì,32,23,16,70,sole,0,0
2017-06-29,giovedì,28,21,16,67,sole,0,0
2017-06-30,venerdì,33,21,15,54,sole,0,0
2017-07-01,sabato,20,21,13,56,sole,0,0
2017-07-02,domenica,29,22,15,61,sole,0,0
2017-07-04,martedì,19,25,20,57,sole,0,0
2017-07-05,mercoledì,16,26,18,55,sole,0,0
2017-07-06,giovedì,24,28,21,57,sole,0,0
2017-07-07,venerdì,18,28,20,56,sole,0,0
2017-07-08,sabato,26,28,21,61,sole,0,0
2017-07-09,domenica,25,28,21,55,sole,0,0
2017-07-11,martedì,14,25,20,70,sole,0,0
2017-07-12,mercoledì,17,25,18,68,sole,0,0
2017-07-13,giovedì,19,26,20,67,sole,0,0
2017-07-14,venerdì,19,24,18,63,sole,0,0
2017-07-15,sabato,27,23,18,65,sole,0,0
2017-07-16,domenica,28,23,18,45,sole,0,0
2017-07-18,martedì,17,25,17,51,sole,0,0
2017-07-19,mercoledì,27,27,18,51,sole,0,0
2017-07-20,giovedì,25,26,19,58,sole,0,0
2017-07-21,venerdì,25,26,19,57,sole,0,0
2017-07-22,sabato,23,27,20,56,sole,0,0
2017-07-23,domenica,29,27,20,59,sole,0,0
2017-07-25,martedì,22,22,15,65,sole,0,0
2017-07-26,mercoledì,15,21,15,60,sole,0,0
2017-07-27,giovedì,21,23,16,53,sole,0,0
2017-07-28,venerdì,17,25,18,58,sole,0,0
2017-07-29,sabato,27,26,20,61,sole,0,0
2017-07-30,domenica,33,25,20,72,sole,0,0
2017-08-01,martedì,23,29,22,64,sole,0,0
2017-08-02,mercoledì,19,30,23,58,sole,0,0
2017-08-03,giovedì,25,30,23,56,sole,0,0
2017-08-04,venerdì,27,30,23,57,sole,0,0
2017-08-05,sabato,28,30,24,54,sole,0,0
2017-08-06,domenica,22,28,24,56,sole,0,0
2017-08-08,martedì,20,26,19,53,sole,0,0
2017-08-09,mercoledì,24,27,21,58,sole,0,0
2017-08-10,giovedì,26,25,20,68,sole,0,0
2017-08-11,venerdì,28,22,17,63,sole,0,0
2017-08-12,sabato,29,22,13,57,sole,0,0
2017-08-13,domenica,25,23,15,50,sole,0,0
2017-08-16,mercoledì,20,27,20,51,sole,0,0
2017-08-17,giovedì,18,27,20,52,sole,0,0
2017-08-18,venerdì,21,28,21,50,sole,0,0
2017-08-19,sabato,28,26,18,57,sole,0,0
2017-08-20,domenica,28,22,16,58,sole,serie A,0
2017-08-22,martedì,22,22,16,50,sole,0,0
2017-08-23,mercoledì,26,23,17,53,sole,0,0
2017-08-24,giovedì,12,25,18,56,sole,0,0
2017-08-25,venerdì,19,26,19,59,sole,0,0
2017-08-26,sabato,28,27,21,57,sole,0,0
2017-08-27,domenica,26,28,21,50,sole,serie A,0
2017-08-29,martedì,24,25,18,55,sole,0,0
2017-08-30,mercoledì,21,26,18,54,sole,0,0
2017-08-31,giovedì,30,25,19,59,sole,0,0
2017-09-01,venerdì,29,23,18,73,pioggia temporale ,0,0
2017-09-02,sabato,34,18,14,72,pioggia temporale ,0,0
2017-09-03,domenica,34,20,15,47,pioggia ,0,0
2017-09-05,martedì,33,21,14,63,sole,0,0
2017-09-06,mercoledì,25,22,16,64,sole,0,0
2017-09-07,giovedì,24,21,16,77,pioggia temporale ,0,0
2017-09-08,venerdì,30,20,16,64,sole,0,0
2017-09-09,sabato,40,20,15,72,pioggia temporale ,0,0
2017-09-10,domenica,38,18,16,83,pioggia ,serie A,0
2017-09-12,martedì,26,18,14,81,pioggia temporale ,0,0
2017-09-13,mercoledì,18,18,11,69,sole,champions,0
2017-09-14,giovedì,15,17,13,84,pioggia ,0,0
2017-09-15,venerdì,27,17,14,83,pioggia ,0,0
2017-09-16,sabato,28,16,14,83,pioggia ,0,0
2017-09-17,domenica,31,17,12,68,pioggia temporale ,0,0
2017-09-19,martedì,16,14,12,83,pioggia ,0,0
2017-09-20,mercoledì,20,17,10,56,sole,0,0
2017-09-21,giovedì,25,18,9,52,sole,serie A,0
2017-09-22,venerdì,17,16,8,67,sole,0,0
2017-09-23,sabato,5,17,12,73,sole,0,0
2017-09-24,domenica,30,16,13,81,pioggia temporale ,serie A,0
2017-09-26,martedì,21,17,11,69,sole,0,0
2017-09-27,mercoledì,16,18,11,67,sole,0,0
2017-09-28,giovedì,21,18,13,72,sole,champions,0
2017-09-29,venerdì,31,18,13,65,sole,0,0
2017-09-30,sabato,27,17,13,59,pioggia ,0,0
2017-10-01,domenica,28,15,14,72,pioggia ,0,0
2017-10-03,martedì,22,16,13,81,sole,0,0
2017-10-04,mercoledì,25,16,11,78,sole,0,0
2017-10-05,giovedì,22,17,10,77,sole,0,0
2017-10-06,venerdì,36,17,10,71,pioggia temporale ,0,0
2017-10-07,sabato,23,14,9,58,sole,0,0
2017-10-08,domenica,26,15,9,64,sole,0,0
2017-10-10,martedì,19,15,9,71,sole,0,0
2017-10-11,mercoledì,22,17,10,71,sole,0,0
2017-10-12,giovedì,24,16,10,79,sole,0,0
2017-10-13,venerdì,33,15,9,79,sole,0,0
2017-10-14,sabato,38,15,9,76,sole,0,0
2017-10-15,domenica,32,16,8,72,sole,serie A,0
2017-10-17,martedì,31,15,9,74,sole,0,0
2017-10-18,mercoledì,33,13,7,83,sole,0,0
2017-10-19,giovedì,19,12,10,91,nebbia ,champions,0
2017-10-20,venerdì,35,13,10,87,nebbia ,0,0
2017-10-21,sabato,41,14,12,82,sole,0,0
2017-10-22,domenica,38,14,11,86,pioggia temporale ,0,0
2017-10-24,martedì,31,14,8,47,sole,0,0
2017-10-25,mercoledì,31,11,6,69,sole,0,0
2017-10-26,giovedì,30,13,6,71,sole,serie A,0
2017-10-27,venerdì,22,12,7,81,sole,0,0
2017-10-28,sabato,45,9,4,79,sole,0,0
2017-10-29,domenica,26,12,5,67,sole,serie A,0
2017-10-31,martedì,24,11,6,63,sole,0,0
2017-11-01,mercoledì,32,10,3,74,sole,champions,Ognissanti
2017-11-02,giovedì,15,9,5,83,sole,0,Giorno dei Morti
2017-11-03,venerdì,30,10,5,81,sole,0,0
2017-11-04,sabato,44,11,7,80,sole,0,0
2017-11-05,domenica,39,14,10,87,sole,0,0
2017-11-07,martedì,19,11,9,80,sole,0,0
2017-11-08,mercoledì,14,10,5,80,sole,0,0
2017-11-09,giovedì,20,10,8,85,sole,0,0
2017-11-10,venerdì,30,10,6,82,sole,0,0
2017-11-11,sabato,39,6,3,96,sole,0,0
2017-11-12,domenica,28,7,5,96,sole,0,0
2017-11-14,martedì,20,7,3,68,sole,0,0
2017-11-15,mercoledì,23,6,0,64,sole,0,0
2017-11-16,giovedì,26,9,6,61,sole,0,0
2017-11-17,venerdì,29,7,1,75,sole,0,0
2017-11-18,sabato,49,7,1,80,sole,0,0
2017-11-19,domenica,25,5,1,86,sole,0,0
2017-11-21,martedì,28,6,2,73,sole,0,0
2017-11-22,mercoledì,23,7,3,76,sole,champions,0
2017-11-23,giovedì,23,9,5,81,sole,0,0
2017-11-24,venerdì,27,8,5,83,sole,0,0
2017-11-25,sabato,44,9,8,93,sole,0,0
2017-11-26,domenica,32,7,2,86,sole,0,0
2017-11-28,martedì,28,1,-3,81,sole,0,0
2017-11-29,mercoledì,27,4,3,94,sole,0,0
2017-11-30,giovedì,20,4,0,86,sole,0,0
2017-12-01,venerdì,28,3,-2,70,nebbia ,0,0
2017-12-02,sabato,49,5,0,51,sole,serie A,0
2017-12-03,domenica,32,2,-4,65,sole,0,0
2017-12-05,martedì,16,1,-4,78,sole,0,0
2017-12-06,mercoledì,27,1,-4,83,sole,champions,0
2017-12-07,giovedì,32,2,-3,81,sole,0,0
2017-12-08,venerdì,31,4,3,91,sole,0,Immacolata Concezione
2017-12-09,sabato,39,3,-3,80,sole,0,0
2017-12-10,domenica,22,-1,-6,75,neve ,serie A,0
2017-12-12,martedì,16,5,1,94,pioggia nebbia ,0,0
2017-12-13,mercoledì,21,3,-1,93,nebbia ,0,0
2017-12-14,giovedì,27,4,2,94,nebbia ,0,0
2017-12-15,venerdì,21,4,2,90,nebbia ,0,0
2017-12-16,sabato,42,4,1,84,nebbia ,0,0
2017-12-17,domenica,32,1,-4,88,nebbia ,0,0
2017-12-19,martedì,23,0,-4,70,sole,0,0
2017-12-20,mercoledì,24,0,-3,80,sole,0,0
2017-12-21,giovedì,18,-1,-6,85,sole,0,0
2017-12-22,venerdì,34,0,-4,89,nebbia ,0,0
2017-12-23,sabato,29,1,-4,87,nebbia ,0,0
2017-12-24,domenica,11,2,-3,86,sole,serie A,0
2017-12-26,martedì,25,5,3,93,pioggia ,0,Santo Stefano
2017-12-27,mercoledì,23,7,4,93,pioggia nebbia ,0,0
2017-12-28,giovedì,16,5,2,92,pioggia ,0,0
2017-12-29,venerdì,14,3,-2,74,sole,0,0
2017-12-30,sabato,31,2,-1,76,sole,0,0
2017-12-31,domenica,10,2,-3,82,sole,serie A,Ultimo dell'Anno
2018-01-02,martedì,20,4,0,79,nebbia ,0,0
2018-01-03,mercoledì,15,3,-2,83,pioggia ,0,0
2018-01-04,giovedì,25,5,1,81,sole,0,0
2018-01-05,venerdì,27,5,-1,83,sole,0,0
2018-01-06,sabato,26,7,5,88,pioggia ,0,Epifania
2018-01-07,domenica,38,10,7,85,sole,serie A,0
2018-01-09,martedì,18,12,8,85,sole,0,0
2018-01-10,mercoledì,28,8,3,87,nebbia ,0,0
2018-01-11,giovedì,26,7,6,90,nebbia ,0,0
2018-01-12,venerdì,41,7,0,69,sole,0,0
2018-01-13,sabato,40,5,1,76,sole,0,0
2018-01-14,domenica,37,4,-1,77,sole,0,0
2018-01-16,martedì,20,4,3,93,pioggia ,0,0
2018-01-17,mercoledì,28,6,3,64,nebbia ,0,0
2018-01-18,giovedì,27,5,0,57,sole,0,0
2018-01-19,venerdì,35,3,-2,73,sole,0,0
2018-01-20,sabato,48,3,-1,75,sole,0,0
2018-01-21,domenica,43,5,1,79,sole,0,0
2018-01-23,martedì,27,4,-2,74,sole,serie A,0
2018-01-24,mercoledì,23,4,-1,77,sole,0,0
2018-01-25,giovedì,27,4,1,86,sole,0,0
2018-01-26,venerdì,36,6,4,84,sole,0,0
2018-01-27,sabato,38,8,5,83,sole,0,0
2018-01-28,domenica,40,6,1,87,nebbia ,serie A,0
2018-01-30,martedì,21,5,3,95,nebbia ,0,0
2018-01-31,mercoledì,22,6,5,95,pioggia nebbia ,0,0
2018-02-01,giovedì,19,7,5,95,pioggia ,0,0
2018-02-02,venerdì,34,6,4,90,pioggia ,0,0
2018-02-03,sabato,49,4,4,84,pioggia ,0,0
2018-02-04,domenica,38,4,-2,75,sole,0,0
2018-02-06,martedì,25,6,4,69,pioggia ,0,0
2018-02-07,mercoledì,25,5,4,88,pioggia ,0,0
2018-02-08,giovedì,26,6,2,85,sole,0,Giovedì Grasso
2018-02-09,venerdì,31,6,2,87,pioggia nebbia ,0,0
2018-02-10,sabato,47,5,1,83,pioggia temporale ,serie A,0
2018-02-11,domenica,35,4,1,78,sole,0,Carnevale
2018-02-13,martedì,28,4,0,75,sole,0,Martedì Grasso
2018-02-14,mercoledì,34,2,-3,68,sole,champions,San Valentino
2018-02-15,giovedì,23,2,-3,68,sole,0,0
2018-02-16,venerdì,32,3,-2,72,sole,0,0
2018-02-17,sabato,43,4,-1,76,pioggia ,0,0
2018-02-18,domenica,39,5,4,82,pioggia nebbia ,0,0
2018-02-20,martedì,16,4,1,66,sole,0,0
2018-02-21,mercoledì,21,4,1,71,sole,0,0
2018-02-22,giovedì,26,4,4,72,pioggia ,0,0
2018-02-23,venerdì,24,5,3,78,pioggia ,0,0
2018-02-24,sabato,39,6,4,75,pioggia ,0,0
2018-02-25,domenica,38,2,0,58,sole,0,0
2018-02-27,martedì,25,-3,-6,62,sole,0,0
2018-02-28,mercoledì,19,-3,-5,68,sole,0,0
2018-03-02,venerdì,38,-1,-2,96,pioggia neve ,0,0
2018-03-03,sabato,51,1,-1,95,pioggia neve nebbia ,0,0
2018-03-04,domenica,40,2,0,96,nebbia ,serie A,0
2018-03-06,martedì,23,6,4,94,pioggia nebbia ,0,0
2018-03-07,mercoledì,25,7,3,89,pioggia nebbia ,0,0
2018-03-08,giovedì,32,8,1,70,sole,champions,0
2018-03-09,venerdì,28,9,2,75,sole,0,0
2018-03-10,sabato,56,9,8,87,pioggia ,0,0
2018-03-11,domenica,31,9,8,93,pioggia ,0,0
2018-03-13,martedì,27,10,5,81,pioggia temporale nebbia ,0,0
2018-03-14,mercoledì,21,9,4,85,nebbia ,0,0
2018-03-15,giovedì,24,8,5,87,pioggia nebbia ,serie A,0
2018-03-16,venerdì,33,10,7,76,pioggia ,0,0
2018-03-17,sabato,51,9,8,86,pioggia ,0,0
2018-03-18,domenica,38,8,6,78,pioggia ,serie A,0
2018-03-20,martedì,16,6,3,76,pioggia nebbia ,0,0
2018-03-21,mercoledì,25,6,3,49,sole,0,0
2018-03-22,giovedì,28,5,0,51,sole,0,0
2018-03-23,venerdì,31,6,0,60,sole,0,0
2018-03-24,sabato,45,8,1,58,sole,0,0
2018-03-25,domenica,29,9,5,58,sole,0,Domenica delle Palme
2018-03-27,martedì,22,12,6,53,sole,0,0
2018-03-28,mercoledì,21,13,4,62,sole,0,0
2018-03-29,giovedì,28,12,10,76,pioggia ,0,0
2018-03-30,venerdì,19,13,8,74,pioggia temporale ,0,0
2018-03-31,sabato,31,10,8,80,pioggia ,0,0
2018-04-03,martedì,21,12,6,72,sole,0,0
2018-04-04,mercoledì,20,11,9,83,sole,champions,0
2018-04-05,giovedì,13,13,9,82,sole,0,0
2018-04-06,venerdì,28,13,6,80,sole,0,0
2018-04-07,sabato,42,14,9,70,sole,0,0
2018-04-08,domenica,39,14,8,58,sole,serie A,0
2018-04-10,martedì,29,13,9,86,sole,0,0
2018-04-11,mercoledì,27,11,6,87,sole,0,0
2018-04-12,giovedì,31,14,13,80,sole,champions,0
2018-04-13,venerdì,30,13,7,74,sole,0,0
2018-04-14,sabato,30,16,8,60,sole,0,0
2018-04-15,domenica,39,15,10,74,sole,0,0
2018-04-17,martedì,21,18,12,68,sole,0,0
2018-04-18,mercoledì,17,19,12,60,sole,0,0
2018-04-19,giovedì,32,21,13,43,sole,serie A,0
2018-04-20,venerdì,28,20,11,55,sole,0,0
2018-04-21,sabato,32,20,11,53,sole,0,0
2018-04-22,domenica,30,20,12,52,sole,0,0
2018-04-24,martedì,24,19,12,67,sole,0,0
2018-04-25,mercoledì,33,20,13,66,sole,0,Anniversario della Liberazione
2018-04-26,giovedì,22,20,13,67,sole,0,0
2018-04-27,venerdì,17,19,15,55,sole,0,0
2018-04-28,sabato,34,19,11,61,sole,0,0
2018-04-29,domenica,43,20,14,62,sole,0,0
2018-04-30,lunedì,24,18,12,57,sole,0,0
2018-05-01,martedì,34,15,9,59,pioggia ,0,Festa dei Lavoratori
2018-05-02,mercoledì,27,14,11,82,pioggia ,0,0
2018-05-03,giovedì,17,17,12,81,pioggia temporale ,0,0
2018-05-04,venerdì,28,18,14,79,pioggia temporale ,0,0
2018-05-05,sabato,47,19,13,74,sole,0,0
2018-05-06,domenica,46,21,15,69,pioggia temporale ,serie A,0
2018-05-08,martedì,29,20,14,68,pioggia temporale ,0,0
2018-05-09,mercoledì,30,18,13,71,pioggia temporale ,0,0
2018-05-10,giovedì,32,18,14,77,pioggia ,0,0
2018-05-11,venerdì,44,18,13,79,pioggia temporale ,0,0
2018-05-12,sabato,33,21,15,69,sole,0,0
2018-05-13,domenica,40,19,15,77,pioggia temporale ,0,Festa della Mamma
2018-05-15,martedì,26,13,10,81,pioggia ,0,0
2018-05-16,mercoledì,26,15,8,76,sole,0,0
2018-05-17,giovedì,36,16,13,79,pioggia temporale ,0,0
2018-05-18,venerdì,25,18,11,71,pioggia temporale ,0,0
2018-05-19,sabato,34,20,13,61,sole,0,0
2018-05-20,domenica,40,20,13,59,sole,serie A,Pentecoste
2018-05-22,martedì,30,17,16,84,pioggia ,0,0
2018-05-23,mercoledì,31,18,14,83,pioggia temporale nebbia ,0,0
2018-05-24,giovedì,20,22,17,70,sole,0,0
2018-05-25,venerdì,39,23,15,68,sole,0,0
2018-05-26,sabato,37,24,18,62,sole,0,0
2018-05-27,domenica,45,24,20,65,pioggia temporale ,0,0
2018-05-29,martedì,30,23,19,73,pioggia temporale ,0,0
2018-05-30,mercoledì,30,23,19,74,pioggia ,0,0
2018-05-31,giovedì,28,23,19,72,pioggia temporale ,0,0
2018-06-01,venerdì,23,25,20,56,sole,0,0
2018-06-02,sabato,34,23,16,63,sole,0,Festa della Repubblica
2018-06-03,domenica,42,24,15,63,sole,0,0
2018-06-05,martedì,24,23,16,68,sole,0,0
2018-06-06,mercoledì,30,23,16,70,sole,0,0
2018-06-07,giovedì,32,23,19,72,sole,0,0
2018-06-08,venerdì,22,21,17,80,sole,0,0
2018-06-09,sabato,34,23,16,69,sole,0,0
2018-06-10,domenica,33,25,18,68,sole,0,0
2018-06-12,martedì,33,23,18,73,sole,0,0
2018-06-13,mercoledì,18,22,17,71,sole,0,0
2018-06-14,giovedì,34,23,19,59,sole,0,0
2018-06-15,venerdì,22,22,16,60,sole,0,0
2018-06-16,sabato,29,23,16,56,sole,0,0
2018-06-17,domenica,43,25,18,56,sole,0,0
2018-06-19,martedì,25,25,19,58,sole,0,0
2018-06-20,mercoledì,25,26,21,55,sole,0,0
2018-06-21,giovedì,26,26,19,61,sole,0,0
2018-06-22,venerdì,26,22,20,72,sole,0,0
2018-06-23,sabato,32,21,18,50,sole,0,0
2018-06-24,domenica,39,21,14,53,sole,0,0
2018-06-26,martedì,29,22,15,54,sole,0,0
2018-06-27,mercoledì,24,21,15,59,sole,0,0
2018-06-28,giovedì,23,22,14,55,sole,0,0
2018-06-29,venerdì,26,25,17,49,sole,0,0
2018-06-30,sabato,22,26,18,54,sole,0,0
2018-07-01,domenica,42,25,22,62,sole,0,0
2018-07-03,martedì,30,25,20,69,sole,0,0
2018-07-04,mercoledì,25,24,19,67,sole,0,0
2018-07-05,giovedì,27,26,21,59,sole,0,0
2018-07-06,venerdì,34,23,17,67,sole,0,0
2018-07-07,sabato,39,25,16,55,sole,0,0
2018-07-08,domenica,31,25,18,56,sole,0,0
2018-07-10,martedì,26,26,21,54,sole,0,0
2018-07-11,mercoledì,30,21,18,79,sole,0,0
2018-07-12,giovedì,24,24,19,71,sole,0,0
2018-07-13,venerdì,26,25,19,70,sole,0,0
2018-07-14,sabato,34,27,20,63,sole,0,0
2018-07-15,domenica,47,26,19,63,sole,0,0
2018-07-17,martedì,27,24,16,71,sole,0,0
2018-07-18,mercoledì,27,26,18,52,sole,0,0
2018-07-19,giovedì,25,26,10,59,sole,0,0
2018-07-20,venerdì,24,26,10,59,sole,0,0
2018-07-21,sabato,31,23,18,72,sole,0,0
2018-07-22,domenica,35,25,18,68,sole,0,0
2018-07-24,martedì,23,26,19,60,sole,0,0
2018-07-25,mercoledì,24,27,20,63,sole,0,0
2018-07-26,giovedì,28,25,19,66,sole,0,0
2018-07-27,venerdì,25,26,19,61,sole,0,0
2018-07-28,sabato,30,27,20,64,sole,0,0
2018-07-29,domenica,40,27,20,65,sole,0,0
2018-07-31,martedì,32,29,22,61,sole,0,0
2018-08-01,mercoledì,27,30,24,59,sole,0,0
2018-08-02,giovedì,31,27,21,71,sole,0,0
2018-08-03,venerdì,27,28,23,64,sole,0,0
2018-08-04,sabato,32,28,23,62,sole,0,0
2018-08-05,domenica,37,29,23,61,sole,0,0
2018-08-07,martedì,25,28,22,59,sole,0,0
2018-08-08,mercoledì,26,27,22,65,sole,0,0
2018-08-09,giovedì,31,27,21,65,sole,0,0
2018-08-10,venerdì,24,25,19,69,sole,0,0
2018-08-11,sabato,22,27,21,64,sole,0,0
2018-08-12,domenica,30,27,23,57,sole,0,0
2018-08-14,martedì,26,21,20,87,sole,0,0
2018-08-16,giovedì,21,25,21,54,sole,0,0
2018-08-17,venerdì,25,25,18,55,sole,0,0
2018-08-18,sabato,17,26,19,56,sole,0,0
2018-08-19,domenica,27,28,21,50,sole,serie A,0
2018-08-21,martedì,31,28,21,48,sole,0,0
2018-08-22,mercoledì,22,27,19,52,sole,0,0
2018-08-23,giovedì,22,27,20,55,sole,0,0
2018-08-24,venerdì,30,26,19,59,sole,0,0
2018-08-25,sabato,38,21,18,81,sole,0,0
2018-08-26,domenica,39,19,15,64,sole,serie A,0
2018-08-28,martedì,27,21,13,58,sole,0,0
2018-08-29,mercoledì,29,23,16,53,sole,0,0
2018-08-30,giovedì,21,24,18,58,sole,0,0
2018-08-31,venerdì,33,22,19,71,sole,0,0
2018-09-01,sabato,41,19,16,83,pioggia temporale ,0,0
2018-09-02,domenica,42,18,16,86,pioggia ,serie A,0
2018-09-04,martedì,25,20,13,71,sole,0,0
2018-09-05,mercoledì,31,21,16,71,sole,0,0
2018-09-06,giovedì,29,22,17,70,pioggia temporale ,0,0
2018-09-07,venerdì,32,21,19,84,pioggia temporale ,0,0
2018-09-08,sabato,36,22,16,75,sole,0,0
2018-09-09,domenica,35,22,16,70,sole,0,0
2018-09-11,martedì,25,23,18,71,sole,0,0
2018-09-12,mercoledì,24,25,19,70,sole,0,0
2018-09-13,giovedì,35,24,19,75,sole,0,0
2018-09-14,venerdì,27,23,18,74,sole,0,0
2018-09-15,sabato,35,23,19,73,pioggia temporale ,0,0
2018-09-16,domenica,40,22,17,74,sole,0,0
2018-09-18,martedì,26,22,19,73,sole,0,0
2018-09-19,mercoledì,37,22,16,76,sole,0,0
2018-09-20,giovedì,26,23,17,72,sole,champions,0
2018-09-21,venerdì,37,23,16,69,sole,0,0
2018-09-22,sabato,39,22,16,73,sole,0,0
2018-09-23,domenica,40,21,15,74,sole,0,0
2018-09-25,martedì,31,16,10,43,sole,0,0
2018-09-26,mercoledì,29,14,10,49,sole,0,0
2018-09-27,giovedì,33,14,6,65,sole,serie A,0
2018-09-28,venerdì,40,17,7,56,sole,0,0
2018-09-29,sabato,36,20,12,50,sole,0,0
2018-09-30,domenica,46,17,14,50,sole,serie A,0
2018-10-02,martedì,24,14,11,74,pioggia ,0,0
2018-10-03,mercoledì,27,14,8,73,sole,champions,0
2018-10-04,giovedì,27,16,9,66,sole,0,0
2018-10-05,venerdì,43,16,9,67,pioggia ,0,0
2018-10-06,sabato,51,16,14,83,pioggia ,0,0
2018-10-07,domenica,50,17,14,87,pioggia nebbia ,serie A,0
2018-10-09,martedì,26,18,13,79,sole,0,0
2018-10-10,mercoledì,26,18,13,73,sole,0,0
2018-10-11,giovedì,26,18,13,64,sole,0,0
2018-10-12,venerdì,40,18,13,77,sole,0,0
2018-10-13,sabato,37,17,11,75,sole,0,0
2018-10-14,domenica,37,17,10,69,sole,0,0
2018-10-16,martedì,30,16,12,71,sole,0,0
2018-10-17,mercoledì,24,17,14,78,pioggia ,0,0
2018-10-18,giovedì,25,18,13,75,sole,0,0
2018-10-19,venerdì,42,17,11,74,sole,0,0
2018-10-20,sabato,37,16,11,73,sole,0,0
2018-10-21,domenica,47,14,10,76,pioggia ,serie A,0
2018-10-23,martedì,20,13,5,64,sole,0,0
2018-10-24,mercoledì,27,14,8,71,sole,champions,0
2018-10-25,giovedì,35,15,9,80,sole,0,0
2018-10-26,venerdì,38,15,13,85,pioggia ,0,0
2018-10-27,sabato,51,15,12,92,pioggia ,0,0
2018-10-28,domenica,52,16,11,90,pioggia temporale nebbia ,serie A,0
2018-10-30,martedì,24,13,9,76,pioggia ,0,0
2018-10-31,mercoledì,22,13,7,75,sole,0,0
2018-11-01,giovedì,46,15,11,80,pioggia ,0,Ognissanti
2018-11-02,venerdì,34,13,12,93,pioggia ,0,Giorno dei Morti
2018-11-03,sabato,51,15,13,91,sole,0,0
2018-11-04,domenica,43,16,11,83,pioggia nebbia ,serie A,0
2018-11-06,martedì,31,16,15,86,pioggia ,0,0
2018-11-07,mercoledì,26,15,14,90,pioggia ,0,0
2018-11-08,giovedì,35,14,11,89,nebbia ,champions,0
2018-11-09,venerdì,33,12,9,98,nebbia ,0,0
2018-11-10,sabato,51,12,11,93,pioggia nebbia ,0,0
2018-11-11,domenica,42,13,12,89,pioggia ,0,0
2018-11-13,martedì,33,14,12,94,nebbia ,0,0
2018-11-14,mercoledì,27,12,8,89,nebbia ,0,0
2018-11-15,giovedì,37,10,6,88,nebbia ,0,0
2018-11-16,venerdì,40,9,5,67,sole,0,0
2018-11-17,sabato,45,8,5,56,sole,0,0
2018-11-18,domenica,45,6,2,55,sole,0,0
2018-11-20,martedì,24,5,3,90,pioggia ,0,0
2018-11-21,mercoledì,17,6,0,85,sole,0,0
2018-11-22,giovedì,35,8,6,92,sole,0,0
2018-11-23,venerdì,36,8,5,97,pioggia nebbia ,0,0
2018-11-24,sabato,40,10,8,93,pioggia nebbia ,0,0
2018-11-25,domenica,42,10,9,88,pioggia ,serie A,0
2018-11-27,martedì,33,10,8,85,pioggia ,0,0
2018-11-28,mercoledì,23,7,3,85,sole,champions,0
2018-11-29,giovedì,27,4,-1,81,sole,0,0
2018-11-30,venerdì,40,2,-1,84,sole,0,0
2018-12-01,sabato,43,3,-1,89,nebbia ,0,0
2018-12-02,domenica,38,2,-2,95,nebbia ,serie A,0
2018-12-04,martedì,24,5,0,95,nebbia ,0,0
2018-12-05,mercoledì,22,6,0,90,nebbia ,0,0
2018-12-06,giovedì,34,6,3,93,pioggia nebbia ,0,0
2018-12-07,venerdì,37,3,1,98,pioggia nebbia ,0,0
2018-12-08,sabato,43,8,2,89,pioggia nebbia ,serie A,Immacolata Concezione
2018-12-09,domenica,46,5,0,85,nebbia ,0,0
2018-12-11,martedì,26,5,-2,54,sole,0,0
2018-12-12,mercoledì,30,0,-2,54,sole,0,0
2018-12-13,giovedì,31,-1,-3,67,sole,champions,0
2018-12-14,venerdì,38,-2,-3,75,sole,0,0
2018-12-15,sabato,52,-3,-5,82,sole,0,0
2018-12-16,domenica,42,-1,-3,85,neve ,serie A,0
2018-12-18,martedì,27,-2,-5,90,nebbia ,0,0
2018-12-19,mercoledì,32,1,-4,94,pioggia nebbia ,0,0
2018-12-20,giovedì,29,4,2,92,nebbia ,0,0
2018-12-21,venerdì,33,1,-1,99,nebbia ,0,0
2018-12-22,sabato,41,3,0,94,nebbia ,0,0
2018-12-23,domenica,42,0,-3,99,nebbia ,serie A,0
2018-12-26,mercoledì,19,0,-1,100,nebbia ,0,Santo Stefano
2018-12-27,giovedì,23,0,-2,100,nebbia ,serie A,0
2018-12-28,venerdì,29,1,-2,97,nebbia ,0,0
2018-12-29,sabato,32,2,-3,91,nebbia ,0,0
2018-12-30,domenica,22,4,-1,75,sole,serie A,0
2018-12-31,lunedì,6,2,-3,88,nebbia ,0,Ultimo dell'Anno
2019-01-02,mercoledì,23,2,-3,89,nebbia ,0,0
2019-01-03,giovedì,22,3,-4,49,sole,0,0
2019-01-04,venerdì,27,-1,-6,63,sole,0,0
2019-01-05,sabato,45,-1,-5,77,sole,0,0
2019-01-06,domenica,34,1,-5,78,sole,0,Epifania
2019-01-08,martedì,29,1,-1,97,nebbia ,0,0
2019-01-09,mercoledì,25,1,-2,91,nebbia ,0,0
2019-01-10,giovedì,32,6,0,37,sole,0,0
2019-01-11,venerdì,32,1,-4,71,sole,0,0
2019-01-12,sabato,55,0,-4,85,sole,0,0
2019-01-13,domenica,33,1,-4,78,sole,0,0
2019-01-15,martedì,25,4,-3,58,sole,0,0
2019-01-16,mercoledì,31,3,-3,69,sole,0,0
2019-01-17,giovedì,22,5,3,88,pioggia ,0,0
2019-01-18,venerdì,48,6,5,84,pioggia ,0,0
2019-01-19,sabato,48,4,0,60,sole,0,0
2019-01-20,domenica,44,1,-1,83,sole,0,0
2019-01-22,martedì,26,2,-3,66,sole,serie A,0
2019-01-24,giovedì,29,3,0,69,sole,0,0
2019-01-25,venerdì,21,1,-4,69,sole,0,0
2019-01-26,sabato,50,-2,-7,85,nebbia ,0,0
2019-01-27,domenica,41,1,-4,89,pioggia ,0,0
2019-01-29,martedì,32,2,-3,84,nebbia ,0,0
2019-01-30,mercoledì,30,3,0,72,pioggia ,0,0
2019-01-31,giovedì,29,3,0,91,pioggia nebbia ,0,0
2019-02-01,venerdì,49,3,1,97,pioggia neve ,0,0
2019-02-02,sabato,61,4,3,98,pioggia nebbia ,0,0
2019-02-03,domenica,59,5,0,97,pioggia ,serie A,0
2019-02-05,martedì,27,5,-1,0,sole,0,0
2019-02-06,mercoledì,29,6,1,68,sole,0,0
2019-02-07,giovedì,33,4,-2,72,sole,0,0
2019-02-08,venerdì,38,6,-1,69,sole,0,0
2019-02-09,sabato,45,6,0,74,sole,0,0
2019-02-10,domenica,52,7,5,88,pioggia ,0,0
2019-02-12,martedì,20,7,-1,44,sole,0,0
2019-02-13,mercoledì,30,6,0,59,sole,0,0
2019-02-14,giovedì,31,6,0,67,sole,0,San Valentino
2019-02-15,venerdì,42,6,-1,69,sole,0,0
2019-02-16,sabato,49,7,-1,67,sole,serie A,0
2019-02-17,domenica,47,7,-1,67,sole,0,0
2019-02-19,martedì,33,6,-1,77,nebbia ,0,0
2019-02-20,mercoledì,37,5,0,89,nebbia ,0,0
2019-02-21,giovedì,26,6,-1,83,nebbia ,champions,0
2019-02-22,venerdì,41,8,-1,69,sole,0,0
2019-02-23,sabato,42,6,0,52,sole,0,0
2019-02-24,domenica,42,3,-3,54,sole,0,0
2019-02-26,martedì,26,9,2,64,sole,0,0
2019-02-27,mercoledì,23,11,3,55,sole,0,0
2019-02-28,giovedì,36,10,1,67,sole,0,Giovedì Grasso
2019-03-01,venerdì,27,8,2,77,sole,0,0
2019-03-02,sabato,58,9,1,69,sole,0,0
2019-03-03,domenica,44,10,1,65,sole,0,Carnevale
2019-03-05,martedì,35,8,4,79,sole,0,Martedì Grasso
2019-03-06,mercoledì,34,9,1,73,sole,0,0
2019-03-07,giovedì,24,13,10,64,sole,0,0
2019-03-08,venerdì,24,11,4,63,sole,0,0
2019-03-09,sabato,45,10,3,68,sole,serie A,0
2019-03-10,domenica,45,10,4,77,sole,0,0
2019-03-12,martedì,35,9,-1,28,sole,0,0
2019-03-13,mercoledì,28,5,-1,58,sole,champions,0
2019-03-14,giovedì,28,7,-1,61,sole,0,0
2019-03-15,venerdì,25,10,1,66,sole,0,0
2019-03-16,sabato,44,11,2,69,sole,0,0
2019-03-17,domenica,47,11,4,72,sole,0,0
2019-03-19,martedì,25,7,1,60,sole,0,Festa di San Giuseppe
2019-03-20,mercoledì,27,8,2,51,sole,0,0
2019-03-21,giovedì,32,10,2,44,sole,0,0
2019-03-22,venerdì,31,11,3,47,sole,0,0
2019-03-23,sabato,47,14,4,45,sole,0,0
2019-03-24,domenica,39,15,6,47,sole,0,0
2019-03-26,martedì,23,10,6,50,sole,0,0
2019-03-27,mercoledì,28,10,4,43,sole,0,0
2019-03-28,giovedì,35,10,3,48,sole,0,0
2019-03-29,venerdì,33,11,5,49,sole,0,0
2019-03-30,sabato,58,13,6,53,sole,0,0
2019-03-31,domenica,45,14,5,42,sole,serie A,0
2019-04-02,martedì,26,16,9,48,sole,0,0
2019-04-03,mercoledì,22,14,12,64,sole,serie A,0
2019-04-04,giovedì,33,12,8,84,sole,0,0
2019-04-05,venerdì,30,11,8,82,sole,0,0
2019-04-06,sabato,49,12,10,79,sole,0,0
2019-04-07,domenica,36,11,7,78,sole,serie A,0
2019-04-08,lunedì,1,12,7,75,sole,0,0
2019-04-09,martedì,20,14,9,70,sole,0,0
2019-04-10,mercoledì,28,14,11,71,sole,0,0
2019-04-11,giovedì,34,12,11,87,sole,champions,0
2019-04-12,venerdì,26,12,11,72,sole,0,0
2019-04-13,sabato,49,11,9,74,sole,0,0
2019-04-14,domenica,55,10,8,69,sole,serie A,Domenica delle Palme
2019-04-16,martedì,33,13,5,62,sole,0,0
2019-04-17,mercoledì,30,14,6,59,sole,champions,0
2019-04-18,giovedì,30,15,8,53,sole,0,0
2019-04-19,venerdì,29,16,8,54,sole,0,0
2019-04-20,sabato,33,16,8,50,sole,0,0
2019-04-23,martedì,26,13,13,85,sole,0,0
2019-04-24,mercoledì,26,17,13,82,sole,0,0
2019-04-25,giovedì,36,15,10,85,sole,0,Anniversario della Liberazione
2019-04-26,venerdì,28,16,11,79,sole,0,0
2019-04-27,sabato,33,15,6,61,sole,0,0
2019-04-28,domenica,38,12,9,68,sole,serie A,0
2019-04-30,martedì,31,15,7,58,sole,0,0
2019-05-01,mercoledì,30,17,9,54,sole,0,Festa dei Lavoratori
2019-05-02,giovedì,22,16,8,63,sole,0,0
2019-05-03,venerdì,38,15,13,74,sole,0,0
2019-05-04,sabato,34,14,11,79,sole,serie A,0
2019-05-05,domenica,42,9,7,76,sole,0,0
2019-05-07,martedì,33,13,5,56,sole,0,0
2019-05-08,mercoledì,31,12,9,80,sole,0,0
2019-05-09,giovedì,27,14,10,78,sole,0,0
2019-05-10,venerdì,40,16,9,72,sole,0,0
2019-05-11,sabato,46,15,10,79,sole,0,0
2019-05-12,domenica,44,12,10,77,sole,0,Festa della Mamma
2019-05-14,martedì,24,13,7,68,sole,0,0
2019-05-15,mercoledì,21,9,4,78,sole,0,0
2019-05-16,giovedì,24,14,6,69,sole,0,0
2019-05-17,venerdì,34,16,11,62,sole,0,0
2019-05-18,sabato,49,14,12,76,sole,0,0
2019-05-19,domenica,34,14,12,89,sole,0,0
2019-05-21,martedì,32,16,13,79,sole,0,0
2019-05-22,mercoledì,30,18,12,77,sole,0,0
2019-05-23,giovedì,34,19,13,71,sole,0,0
2019-05-24,venerdì,39,19,14,77,sole,0,0
2019-05-25,sabato,39,18,15,79,sole,0,0
2019-05-26,domenica,45,19,15,76,sole,0,0
2019-05-28,martedì,28,17,14,81,sole,0,0
2019-05-30,giovedì,33,17,13,71,sole,0,0
2019-05-31,venerdì,34,18,11,60,sole,0,0
2019-06-01,sabato,28,21,13,57,sole,0,0
2019-06-02,domenica,28,23,14,56,sole,0,Festa della Repubblica
2019-06-04,martedì,26,25,18,60,sole,0,0
2019-06-05,mercoledì,27,24,18,68,sole,0,0
2019-06-06,giovedì,39,21,17,78,sole,0,0
2019-06-07,venerdì,26,21,14,68,sole,0,0
2019-06-08,sabato,29,24,17,60,sole,0,0
2019-06-09,domenica,42,24,17,62,sole,0,Pentecoste
2019-06-11,martedì,28,27,21,53,sole,0,0
2019-06-12,mercoledì,23,26,22,51,sole,0,0
2019-06-13,giovedì,27,24,17,40,sole,0,0
2019-06-14,venerdì,31,24,15,44,sole,0,0
2019-06-15,sabato,24,26,19,53,sole,0,0
2019-06-16,domenica,31,26,20,53,sole,0,0
2019-06-18,martedì,33,26,19,56,sole,0,0
2019-06-19,mercoledì,23,27,22,53,sole,0,0
2019-06-20,giovedì,33,26,20,54,sole,0,0
2019-06-21,venerdì,32,26,19,51,sole,0,0
2019-06-22,sabato,41,24,19,60,sole,0,0
2019-06-23,domenica,45,24,16,59,sole,0,0
2019-06-25,martedì,20,28,21,55,sole,0,0
2019-06-26,mercoledì,16,30,22,57,sole,0,0
2019-06-27,giovedì,24,31,23,59,sole,0,0
2019-06-28,venerdì,29,31,25,58,sole,0,0
2019-06-29,sabato,29,29,24,48,sole,0,0
2019-06-30,domenica,20,29,20,48,sole,0,0
2019-07-02,martedì,22,28,21,56,sole,0,0
2019-07-03,mercoledì,28,27,21,57,sole,0,0
2019-07-04,giovedì,28,25,18,64,sole,0,0
2019-07-05,venerdì,35,27,20,58,sole,0,0
2019-07-06,sabato,43,29,21,61,sole,0,0
2019-07-07,domenica,57,26,21,64,sole,0,0
2019-07-09,martedì,39,24,21,64,sole,0,0
2019-07-10,mercoledì,32,24,20,57,sole,0,0
2019-07-11,giovedì,42,24,20,53,sole,0,0
2019-07-12,venerdì,38,24,17,59,sole,0,0
2019-07-13,sabato,48,23,19,65,sole,0,0
2019-07-14,domenica,37,23,14,57,sole,0,0
2019-07-16,martedì,33,23,16,58,sole,0,0
2019-07-17,mercoledì,24,25,17,53,sole,0,0
2019-07-18,giovedì,30,24,20,61,sole,0,0
2019-07-19,venerdì,34,25,18,61,sole,0,0
2019-07-20,sabato,36,26,19,59,sole,0,0
2019-07-21,domenica,30,27,21,59,sole,0,0
2019-07-23,martedì,26,29,23,60,sole,0,0
2019-07-24,mercoledì,23,30,23,54,sole,0,0
2019-07-25,giovedì,29,30,24,53,sole,0,0
2019-07-26,venerdì,33,30,23,48,sole,0,0
2019-07-27,sabato,29,24,18,72,sole,0,0
2019-07-28,domenica,39,21,19,86,sole,0,0
2019-07-30,martedì,31,27,21,65,sole,0,0
2019-07-31,mercoledì,22,26,22,68,sole,0,0
2019-08-01,giovedì,26,28,21,59,sole,0,0
2019-08-02,venerdì,31,24,18,75,sole,0,0
2019-08-03,sabato,23,23,16,64,sole,0,0
2019-08-04,domenica,29,25,20,61,sole,0,0
2019-08-06,martedì,28,26,21,68,sole,0,0
2019-08-07,mercoledì,27,24,20,81,sole,0,0
2019-08-08,giovedì,22,25,19,77,sole,0,0
2019-08-09,venerdì,26,27,21,69,sole,0,0
2019-08-10,sabato,12,28,23,65,sole,0,0
2019-08-11,domenica,29,28,22,73,sole,0,0
2019-08-13,martedì,21,25,19,69,sole,0,0
2019-08-14,mercoledì,23,23,18,65,sole,0,0
2019-08-16,venerdì,23,23,17,61,sole,0,0
2019-08-17,sabato,26,23,17,63,sole,0,0
2019-08-18,domenica,26,25,18,65,sole,0,0
2019-08-20,martedì,32,27,21,64,sole,0,0
2019-08-21,mercoledì,29,26,20,62,sole,0,0
2019-08-22,giovedì,23,25,21,60,sole,0,0
2019-08-23,venerdì,34,24,20,70,sole,0,0
2019-08-24,sabato,46,25,21,66,sole,0,0
2019-08-25,domenica,35,25,19,65,sole,serie A,0
2019-08-27,martedì,33,26,20,63,sole,0,0
2019-08-28,mercoledì,33,25,21,67,sole,0,0
2019-08-29,giovedì,34,25,18,69,sole,0,0
2019-08-30,venerdì,36,27,21,60,sole,0,0
2019-08-31,sabato,41,26,22,64,sole,0,0
2019-09-01,domenica,39,25,18,66,sole,serie A,0
2019-09-03,martedì,32,23,19,60,sole,0,0
2019-09-04,mercoledì,28,21,16,62,sole,0,0
2019-09-05,giovedì,33,22,15,59,sole,0,0
2019-09-06,venerdì,47,18,15,84,sole,0,0
2019-09-07,sabato,38,19,15,71,sole,0,0
2019-09-08,domenica,44,17,15,78,sole,0,0
2019-09-10,martedì,39,19,13,68,sole,0,0
2019-09-11,mercoledì,28,19,2,63,sole,0,0
2019-09-12,giovedì,38,22,14,63,sole,0,0
2019-09-13,venerdì,35,22,15,64,sole,0,0
2019-09-14,sabato,42,22,16,67,sole,0,0
2019-09-15,domenica,50,23,17,68,sole,serie A,0
2019-09-17,martedì,27,24,20,71,sole,0,0
2019-09-18,mercoledì,35,22,18,84,sole,0,0
2019-09-19,giovedì,34,19,17,53,sole,champions,0
2019-09-20,venerdì,43,17,11,46,sole,0,0
2019-09-21,sabato,38,15,8,63,sole,0,0
2019-09-22,domenica,49,16,13,73,sole,serie A,0
2019-09-24,martedì,32,18,10,76,sole,0,0
2019-09-25,mercoledì,31,17,13,81,sole,serie A,0
2019-09-26,giovedì,33,19,14,77,sole,0,0
2019-09-27,venerdì,27,19,14,79,sole,0,0
2019-09-28,sabato,50,20,16,78,sole,0,0
2019-09-29,domenica,50,19,14,76,sole,serie A,0
2019-10-01,martedì,36,21,16,77,sole,0,0
2019-10-02,mercoledì,35,19,17,83,sole,champions,0
2019-10-03,giovedì,37,15,11,69,sole,0,0
2019-10-04,venerdì,45,14,8,71,sole,0,0
2019-10-05,sabato,48,15,9,75,sole,0,0
2019-10-06,domenica,47,15,10,74,sole,0,0
2019-10-08,martedì,24,15,9,75,sole,0,0
2019-10-09,mercoledì,30,15,10,82,sole,0,0
2019-10-10,giovedì,36,15,11,87,sole,0,0
2019-10-11,venerdì,48,15,11,79,sole,0,0
2019-10-12,sabato,53,14,8,83,sole,0,0
2019-10-13,domenica,45,14,10,86,sole,0,0
2019-10-15,martedì,34,18,15,85,sole,0,0
2019-10-16,mercoledì,42,14,10,91,sole,0,0
2019-10-17,giovedì,41,15,8,82,sole,0,0
2019-10-18,venerdì,37,16,14,87,sole,0,0
2019-10-19,sabato,53,16,14,88,sole,0,0
2019-10-20,domenica,59,18,12,78,sole,serie A,0
2019-10-22,martedì,41,18,13,87,sole,0,0
2019-10-23,mercoledì,38,17,12,86,sole,champions,0
2019-10-24,giovedì,44,16,13,95,sole,0,0
2019-10-25,venerdì,42,17,12,84,sole,0,0
2019-10-26,sabato,57,15,9,80,sole,0,0
2019-10-27,domenica,48,14,8,84,sole,serie A,0
2019-10-29,martedì,36,15,13,95,sole,0,0
2019-10-30,mercoledì,37,13,12,69,sole,0,0
2019-10-31,giovedì,37,11,11,72,sole,serie A,0
2019-11-01,venerdì,49,11,9,75,sole,0,Ognissanti
2019-11-02,sabato,65,11,9,91,sole,0,Giorno dei Morti
2019-11-03,domenica,52,12,10,98,sole,serie A,0
2019-11-05,martedì,44,13,8,92,sole,0,0
2019-11-06,mercoledì,45,10,6,91,sole,0,0
2019-11-07,giovedì,30,10,3,89,sole,champions,0
2019-11-08,venerdì,50,11,8,89,sole,0,0
2019-11-09,sabato,60,9,4,87,sole,0,0
2019-11-10,domenica,51,8,3,77,sole,0,0
2019-11-12,martedì,27,9,8,92,sole,0,0
2019-11-13,mercoledì,32,10,7,65,sole,0,0
2019-11-14,giovedì,35,8,2,67,sole,0,0
2019-11-15,venerdì,54,10,6,87,sole,0,0
2019-11-16,sabato,52,8,5,92,sole,0,0
2019-11-17,domenica,43,9,5,89,sole,0,0
