,data,t_media,dayname,somma_polli,feste,fenomeni,Chievo,Hellas,Inter,Italia,Juventus,Lazio,Milan,Napoli
0,2015-01-01,0,giovedì,6,Primo dell'Anno,sole,0,0,0,0,0,0,0,0
1,2015-01-02,0,venerdì,9,0,sole,1,0,1,0,1,1,1,1
2,2015-01-03,4,sabato,14,0,sole,0,0,1,0,0,1,0,1
3,2015-01-04,3,domenica,10,0,sole,0,0,0,0,0,0,0,0
4,2015-01-05,4,lunedì,14,0,sole,0,0,0,0,0,0,0,0
5,2015-01-06,2,martedì,13,Epifania,sole,0,0,0,0,0,0,0,0
6,2015-01-07,3,mercoledì,4,0,sole,0,0,0,0,0,0,0,0
7,2015-01-08,4,giovedì,10,0,sole,0,0,0,0,0,0,0,0
8,2015-01-09,2,venerdì,13,0,nebbia ,0,0,0,0,0,0,0,0
9,2015-01-10,2,sabato,14,0,nebbia ,0,0,0,0,0,0,0,0
10,2015-01-11,1,domenica,6,0,nebbia ,0,0,0,0,0,1,1,1
11,2015-01-13,3,martedì,13,0,sole,0,0,0,0,0,0,0,0
12,2015-01-14,4,mercoledì,13,0,nebbia ,0,0,0,0,0,0,0,0
13,2015-01-15,4,giovedì,8,0,pioggia nebbia ,0,0,0,0,0,0,0,0
14,2015-01-16,7,venerdì,15,0,pioggia ,0,0,0,0,0,0,0,0
15,2015-01-17,9,sabato,20,0,pioggia ,0,0,1,0,0,0,0,0
16,2015-01-18,5,domenica,18,0,sole,1,0,0,0,1,1,1,1
17,2015-01-20,2,martedì,16,0,nebbia ,0,0,0,0,0,0,0,0
18,2015-01-21,4,mercoledì,12,0,pioggia ,0,0,0,0,0,0,0,0
19,2015-01-22,6,giovedì,7,0,pioggia ,0,0,0,0,0,0,0,0
20,2015-01-23,6,venerdì,11,0,sole,0,0,0,0,0,0,0,0
21,2015-01-24,5,sabato,28,0,sole,0,0,0,0,0,1,1,0
22,2015-01-25,5,domenica,26,0,sole,1,0,1,0,1,0,0,0
23,2015-01-27,1,martedì,11,0,sole,0,0,0,0,0,0,0,0
24,2015-01-28,2,mercoledì,18,0,sole,0,0,0,0,0,0,0,0
25,2015-01-29,1,giovedì,18,0,pioggia ,0,0,0,0,0,0,0,0
26,2015-01-30,2,venerdì,24,0,pioggia ,0,0,0,0,0,0,0,0
27,2015-01-31,2,sabato,32,0,sole,0,0,0,0,0,0,0,0
28,2015-02-01,3,domenica,29,0,sole,0,0,0,0,0,0,0,0
29,2015-02-03,3,martedì,17,0,sole,0,0,0,0,1,0,0,0
30,2015-02-04,6,mercoledì,16,0,sole,0,0,0,0,0,0,0,0
31,2015-02-05,5,giovedì,11,0,sole,0,0,0,0,1,0,0,0
32,2015-02-06,3,venerdì,25,0,sole,0,0,0,0,0,0,0,0
33,2015-02-07,4,sabato,28,0,sole,0,0,0,0,0,0,0,0
34,2015-02-08,1,domenica,19,0,sole,0,0,0,0,0,0,0,0
35,2015-02-10,2,martedì,22,0,sole,0,0,0,0,0,0,0,0
36,2015-02-11,4,mercoledì,19,0,sole,1,0,0,0,0,0,0,0
37,2015-02-12,5,giovedì,19,Giovedì Grasso,sole,0,0,0,0,0,0,0,0
38,2015-02-13,6,venerdì,22,0,sole,0,0,0,0,0,0,0,0
39,2015-02-14,6,sabato,33,San Valentino,sole,0,0,0,0,0,0,0,1
40,2015-02-15,8,domenica,28,Carnevale,sole,1,0,1,0,1,1,1,0
41,2015-02-17,9,martedì,21,Martedì Grasso,sole,0,0,0,0,0,0,0,0
42,2015-02-18,6,mercoledì,10,0,sole,0,0,0,0,0,0,0,0
43,2015-02-19,4,giovedì,20,0,sole,0,0,0,0,0,0,0,0
44,2015-02-20,4,venerdì,17,0,sole,0,0,0,0,1,0,0,0
45,2015-02-21,5,sabato,30,0,sole,0,0,0,0,0,0,0,0
46,2015-02-22,7,domenica,36,0,sole,1,0,0,0,0,1,1,0
47,2015-02-24,7,martedì,19,0,sole,0,0,0,0,0,0,0,0
48,2015-02-25,7,mercoledì,13,0,sole,0,0,0,0,0,0,0,0
49,2015-02-26,8,giovedì,19,0,sole,0,0,0,0,0,0,0,0
50,2015-02-27,8,venerdì,18,0,sole,0,0,0,0,0,0,0,0
51,2015-02-28,8,sabato,33,0,sole,1,0,0,0,0,0,1,0
52,2015-03-01,7,domenica,22,0,sole,0,0,0,0,0,0,0,0
53,2015-03-03,8,martedì,20,0,nebbia ,0,0,0,0,0,0,0,0
54,2015-03-04,8,mercoledì,23,0,pioggia ,0,0,0,0,0,0,0,0
55,2015-03-05,8,giovedì,10,0,sole,1,0,1,0,0,1,1,1
56,2015-03-06,7,venerdì,20,0,sole,0,0,0,0,0,0,0,0
57,2015-03-07,7,sabato,37,0,sole,0,0,0,0,0,0,0,0
58,2015-03-08,7,domenica,27,0,sole,0,0,0,0,0,0,0,0
59,2015-03-10,8,martedì,20,0,sole,1,0,0,0,0,0,0,0
60,2015-03-11,10,mercoledì,16,0,sole,0,0,0,0,0,0,0,0
61,2015-03-12,9,giovedì,18,0,sole,0,0,0,0,0,0,0,0
62,2015-03-13,8,venerdì,22,0,sole,0,0,0,0,0,0,0,0
63,2015-03-14,8,sabato,41,0,sole,0,0,0,0,1,0,0,0
64,2015-03-15,9,domenica,34,0,pioggia ,1,0,1,0,0,0,0,1
65,2015-03-17,12,martedì,15,0,pioggia ,0,0,0,0,0,0,0,0
66,2015-03-18,10,mercoledì,18,0,sole,0,0,0,0,0,0,0,0
67,2015-03-19,10,giovedì,19,Festa di San Giuseppe,sole,0,0,0,0,0,0,0,0
68,2015-03-20,10,venerdì,17,0,sole,0,0,0,0,0,0,0,0
69,2015-03-21,10,sabato,31,0,pioggia ,1,0,0,0,0,0,1,0
70,2015-03-22,9,domenica,37,0,pioggia ,0,0,1,0,1,1,0,1
71,2015-03-24,12,martedì,21,0,sole,0,0,0,0,0,0,0,0
72,2015-03-25,12,mercoledì,23,0,pioggia ,0,0,0,0,0,0,0,0
73,2015-03-26,11,giovedì,19,0,pioggia ,0,0,0,0,0,0,0,0
74,2015-03-27,12,venerdì,16,0,sole,0,0,0,0,0,0,0,0
75,2015-03-28,13,sabato,39,0,sole,0,0,0,0,0,0,0,0
76,2015-03-29,12,domenica,20,Domenica delle Palme,sole,0,0,0,0,0,0,0,0
77,2015-03-31,14,martedì,16,0,sole,0,0,0,0,0,0,0,0
78,2015-04-01,13,mercoledì,15,0,nebbia ,0,0,0,0,0,0,0,0
79,2015-04-02,12,giovedì,16,0,sole,0,0,0,0,0,0,0,0
80,2015-04-03,11,venerdì,14,0,sole,0,0,0,0,0,0,0,0
81,2015-04-04,10,sabato,17,0,sole,1,0,1,0,1,1,1,1
82,2015-04-05,9,domenica,5,Pasqua,pioggia ,0,0,0,0,0,0,0,0
83,2015-04-07,10,martedì,8,0,sole,0,0,0,0,0,0,0,0
84,2015-04-08,11,mercoledì,15,0,sole,0,0,0,0,0,0,0,0
85,2015-04-09,13,giovedì,12,0,sole,0,0,0,0,0,0,0,0
86,2015-04-10,14,venerdì,19,0,sole,0,0,1,0,1,1,1,1
87,2015-04-11,13,sabato,27,0,sole,0,0,0,0,0,0,0,0
88,2015-04-12,15,domenica,28,0,nebbia ,0,0,0,0,1,1,0,0
89,2015-04-14,17,martedì,17,0,sole,0,0,0,0,0,0,0,0
90,2015-04-15,18,mercoledì,17,0,sole,0,0,0,0,0,0,0,0
91,2015-04-16,17,giovedì,18,0,pioggia ,0,0,0,0,0,0,0,0
92,2015-04-17,15,venerdì,25,0,pioggia ,0,0,0,0,0,0,0,0
93,2015-04-18,13,sabato,40,0,pioggia temporale nebbia ,0,0,0,0,1,1,0,0
94,2015-04-19,11,domenica,25,0,sole,1,0,1,0,0,0,1,1
95,2015-04-21,16,martedì,21,0,sole,0,0,0,0,0,0,0,0
96,2015-04-22,18,mercoledì,17,0,sole,0,0,0,0,0,0,0,0
97,2015-04-23,17,giovedì,19,0,sole,0,0,0,0,0,0,0,0
98,2015-04-24,16,venerdì,29,0,sole,0,0,0,0,0,0,0,0
99,2015-04-25,15,sabato,36,Anniversario della Liberazione,pioggia ,0,0,1,0,0,0,1,0
100,2015-04-26,16,domenica,27,0,pioggia ,1,0,0,0,1,1,0,1
101,2015-04-28,16,martedì,26,0,pioggia ,0,0,1,0,0,0,0,0
102,2015-04-29,15,mercoledì,15,0,sole,1,0,0,0,1,1,1,0
103,2015-04-30,15,giovedì,18,0,pioggia ,0,0,0,0,0,0,0,1
104,2015-05-01,13,venerdì,29,Festa dei Lavoratori,pioggia ,0,0,0,0,0,1,0,0
105,2015-05-02,17,sabato,22,0,pioggia nebbia ,0,0,0,0,0,0,0,0
106,2015-05-03,18,domenica,29,0,pioggia ,0,0,0,0,0,0,0,0
107,2015-05-05,20,martedì,23,0,nebbia ,0,0,0,0,0,0,0,0
108,2015-05-06,20,mercoledì,25,0,sole,0,0,0,0,0,0,0,0
109,2015-05-07,21,giovedì,24,0,sole,0,0,0,0,0,0,0,0
110,2015-05-08,21,venerdì,27,0,pioggia temporale ,0,0,0,0,0,0,0,0
111,2015-05-09,20,sabato,38,0,sole,0,0,0,0,0,0,0,0
112,2015-05-10,22,domenica,29,Festa della Mamma,sole,0,0,0,0,0,0,0,0
113,2015-05-12,22,martedì,16,0,sole,0,0,1,0,0,0,0,0
114,2015-05-13,21,mercoledì,16,0,sole,0,0,0,0,0,0,0,0
115,2015-05-14,22,giovedì,10,0,sole,0,0,0,0,0,0,0,0
116,2015-05-15,19,venerdì,17,0,pioggia temporale ,0,0,0,0,0,0,0,0
117,2015-05-16,20,sabato,27,0,pioggia temporale ,0,0,1,0,1,1,0,0
118,2015-05-17,23,domenica,23,0,sole,1,0,0,0,0,0,1,0
119,2015-05-19,23,martedì,16,0,pioggia temporale ,0,0,0,0,0,0,0,0
120,2015-05-20,19,mercoledì,24,0,pioggia ,0,0,0,0,0,0,0,0
121,2015-05-21,14,giovedì,24,0,pioggia temporale ,0,0,0,0,0,0,0,0
122,2015-05-22,14,venerdì,17,0,pioggia ,0,0,0,0,0,0,0,0
123,2015-05-23,14,sabato,33,0,pioggia ,0,0,1,0,1,0,0,1
124,2015-05-24,17,domenica,29,Pentecoste,pioggia ,1,0,0,0,0,0,1,0
125,2015-05-26,18,martedì,22,0,pioggia temporale ,0,0,0,0,0,0,0,0
126,2015-05-27,18,mercoledì,22,0,pioggia ,0,0,0,0,0,0,0,0
127,2015-05-28,19,giovedì,23,0,sole,0,0,0,0,0,0,0,0
128,2015-05-29,19,venerdì,17,0,sole,0,0,0,0,0,0,0,0
129,2015-05-30,21,sabato,32,0,sole,0,0,0,0,1,0,1,0
130,2015-05-31,21,domenica,20,0,sole,1,0,1,0,0,1,0,1
131,2015-06-01,22,lunedì,15,0,sole,1,0,1,0,1,0,1,1
132,2015-06-02,24,martedì,24,Festa della Repubblica,sole,0,0,0,0,0,0,0,0
133,2015-06-03,25,mercoledì,17,0,sole,0,0,0,0,0,0,0,0
134,2015-06-04,27,giovedì,24,0,sole,0,0,0,0,0,0,0,0
135,2015-06-05,27,venerdì,22,0,sole,0,0,0,0,0,0,0,0
136,2015-06-06,28,sabato,31,0,sole,0,0,0,0,0,0,0,0
137,2015-06-07,28,domenica,25,0,sole,0,0,0,0,0,0,0,0
138,2015-06-09,24,martedì,25,0,sole,0,0,0,0,0,0,0,0
139,2015-06-10,25,mercoledì,22,0,sole,0,0,0,0,0,0,0,0
140,2015-06-11,25,giovedì,21,0,sole,0,0,0,0,0,0,0,0
141,2015-06-12,25,venerdì,18,0,sole,1,0,0,0,0,0,1,1
142,2015-06-13,25,sabato,20,0,sole,0,0,0,0,0,0,0,0
143,2015-06-14,23,domenica,25,0,sole,0,0,0,0,0,0,0,0
144,2015-06-16,21,martedì,20,0,sole,0,0,0,0,0,0,0,0
145,2015-06-17,21,mercoledì,22,0,sole,0,0,0,0,0,0,0,0
146,2015-06-18,22,giovedì,24,0,sole,0,0,0,0,0,0,0,0
147,2015-06-19,22,venerdì,21,0,sole,0,0,0,0,0,0,0,0
148,2015-06-20,20,sabato,29,0,sole,0,0,0,0,0,0,0,0
149,2015-06-21,21,domenica,24,0,sole,0,0,0,0,0,0,0,0
150,2015-06-23,23,martedì,19,0,sole,0,0,0,0,0,0,0,0
151,2015-06-24,20,mercoledì,20,0,sole,0,0,0,0,0,0,0,0
152,2015-06-25,22,giovedì,23,0,sole,0,0,0,0,0,0,0,0
153,2015-06-26,24,venerdì,30,0,sole,0,0,0,0,0,0,0,0
154,2015-06-27,25,sabato,26,0,sole,0,0,0,0,0,0,0,0
155,2015-06-28,25,domenica,24,0,sole,0,0,0,0,0,0,0,0
156,2015-06-30,25,martedì,19,0,sole,0,0,0,0,0,0,0,0
157,2015-07-01,26,mercoledì,23,0,sole,0,0,0,0,0,0,0,0
158,2015-07-02,27,giovedì,17,0,sole,0,0,0,0,1,0,1,0
159,2015-07-03,27,venerdì,32,0,sole,0,0,0,0,0,0,1,0
160,2015-07-04,27,sabato,23,0,sole,0,0,0,0,0,0,0,0
161,2015-07-05,29,domenica,25,0,sole,0,0,0,0,0,0,0,0
162,2015-07-07,31,martedì,28,0,sole,0,0,0,0,0,0,0,0
163,2015-07-08,29,mercoledì,29,0,sole,0,0,0,0,0,0,0,0
164,2015-07-09,25,giovedì,24,0,sole,0,0,0,0,0,0,0,0
165,2015-07-10,25,venerdì,27,0,sole,0,0,0,0,0,0,0,0
166,2015-07-11,25,sabato,30,0,sole,0,0,0,0,0,0,1,0
167,2015-07-12,27,domenica,29,0,sole,0,0,0,0,0,0,0,0
168,2015-07-14,28,martedì,33,0,sole,0,0,0,0,0,0,0,0
169,2015-07-15,28,mercoledì,22,0,sole,0,0,0,0,0,0,0,0
170,2015-07-16,29,giovedì,29,0,sole,0,0,0,0,0,0,0,0
171,2015-07-17,30,venerdì,19,0,sole,0,0,0,0,0,0,0,0
172,2015-07-18,29,sabato,33,0,sole,0,0,0,0,0,0,0,0
173,2015-07-19,30,domenica,23,0,sole,0,0,0,0,0,0,0,0
174,2015-07-21,30,martedì,21,0,sole,0,0,0,0,0,0,0,0
175,2015-07-22,31,mercoledì,32,0,sole,0,0,0,0,0,0,0,0
176,2015-07-23,29,giovedì,30,0,sole,0,0,0,0,0,0,0,0
177,2015-07-24,29,venerdì,26,0,sole,0,0,0,0,0,0,0,0
178,2015-07-25,28,sabato,31,0,sole,0,0,0,0,0,0,0,0
179,2015-07-26,26,domenica,40,0,sole,0,0,0,0,0,0,0,0
180,2015-07-28,27,martedì,24,0,sole,0,0,0,0,0,0,0,0
181,2015-07-29,26,mercoledì,31,0,sole,0,0,0,0,0,0,0,0
182,2015-07-30,24,giovedì,32,0,sole,0,0,0,0,0,0,0,0
183,2015-07-31,23,venerdì,34,0,sole,0,0,0,0,0,0,0,0
184,2015-08-01,21,sabato,44,0,pioggia ,0,0,0,0,0,0,0,0
185,2015-08-02,22,domenica,34,0,pioggia ,0,0,1,0,0,0,0,1
186,2015-08-04,27,martedì,29,0,sole,0,0,0,0,0,0,0,0
187,2015-08-05,28,mercoledì,27,0,sole,0,0,0,0,0,0,0,0
188,2015-08-06,29,giovedì,29,0,sole,0,0,0,0,0,0,0,0
189,2015-08-07,29,venerdì,26,0,sole,0,0,0,0,0,0,0,0
190,2015-08-08,30,sabato,27,0,sole,0,0,0,0,0,0,0,0
191,2015-08-09,29,domenica,30,0,sole,0,0,0,0,0,0,0,0
192,2015-08-11,26,martedì,27,0,sole,1,0,1,0,1,1,0,1
193,2015-08-12,28,mercoledì,27,0,sole,0,0,0,0,0,0,0,0
194,2015-08-13,28,giovedì,31,0,sole,0,0,0,0,0,0,0,0
195,2015-08-14,27,venerdì,26,0,temporale ,0,0,0,0,0,0,0,0
196,2015-08-15,25,sabato,26,Ferragosto,pioggia ,0,0,0,0,0,0,0,0
197,2015-08-16,21,domenica,29,0,pioggia temporale ,0,0,0,0,0,0,0,0
198,2015-08-18,23,martedì,31,0,temporale ,0,0,0,0,0,0,0,0
199,2015-08-19,19,mercoledì,33,0,pioggia ,0,0,0,0,0,0,0,0
200,2015-08-20,23,giovedì,34,0,sole,0,0,0,0,0,0,0,0
201,2015-08-21,21,venerdì,26,0,pioggia temporale ,0,0,0,0,0,0,0,0
202,2015-08-22,20,sabato,34,0,sole,0,0,0,0,0,1,0,0
203,2015-08-23,21,domenica,38,0,pioggia ,1,0,1,0,1,0,1,1
204,2015-08-25,23,martedì,38,0,pioggia nebbia ,0,0,0,0,0,0,0,0
205,2015-08-26,23,mercoledì,31,0,sole,0,0,0,0,0,0,0,0
206,2015-08-27,24,giovedì,27,0,sole,0,0,0,0,0,0,0,0
207,2015-08-28,25,venerdì,30,0,sole,0,0,0,0,0,0,0,0
208,2015-08-29,26,sabato,41,0,sole,0,0,0,0,0,0,1,0
209,2015-08-30,27,domenica,35,0,sole,1,0,1,0,1,1,0,1
210,2015-09-01,24,martedì,33,0,sole,0,0,0,0,0,0,0,0
211,2015-09-02,23,mercoledì,26,0,sole,0,0,0,0,0,1,0,0
212,2015-09-03,23,giovedì,26,0,sole,0,0,0,0,1,1,0,0
213,2015-09-04,22,venerdì,30,0,sole,0,0,0,0,0,0,0,0
214,2015-09-05,20,sabato,36,0,sole,0,0,0,0,1,0,1,0
215,2015-09-06,18,domenica,31,0,sole,0,0,0,0,0,0,0,0
216,2015-09-08,19,martedì,29,0,sole,0,0,0,0,0,0,0,0
217,2015-09-09,18,mercoledì,30,0,sole,0,0,0,0,0,0,0,0
218,2015-09-10,20,giovedì,36,0,sole,0,0,0,0,0,0,0,0
219,2015-09-11,19,venerdì,33,0,sole,0,0,0,0,0,0,0,0
220,2015-09-12,20,sabato,47,0,sole,0,0,0,0,0,0,0,0
221,2015-09-13,20,domenica,36,0,sole,0,0,1,0,0,1,1,1
222,2015-09-15,21,martedì,34,0,sole,0,0,0,0,0,0,0,0
223,2015-09-16,22,mercoledì,29,0,sole,0,0,0,0,0,0,0,0
224,2015-09-17,23,giovedì,29,0,sole,0,0,0,0,0,0,0,0
225,2015-09-18,23,venerdì,32,0,sole,0,0,0,0,0,0,0,0
226,2015-09-19,20,sabato,42,0,sole,0,0,0,0,0,0,1,0
227,2015-09-20,20,domenica,41,0,sole,1,0,1,0,1,1,0,1
228,2015-09-22,18,martedì,33,0,sole,0,0,0,0,0,0,1,0
229,2015-09-24,15,giovedì,38,0,sole,0,0,0,0,0,0,0,0
230,2015-09-25,17,venerdì,37,0,sole,0,0,0,0,0,0,0,0
231,2015-09-26,18,sabato,46,0,sole,0,0,0,0,1,0,0,1
232,2015-09-27,17,domenica,43,0,sole,1,0,1,0,0,1,1,0
233,2015-09-29,17,martedì,28,0,sole,0,0,0,0,0,0,0,0
234,2015-09-30,15,mercoledì,23,0,sole,0,0,0,0,0,0,0,0
235,2015-10-01,14,giovedì,34,0,pioggia ,0,0,0,0,0,0,1,0
236,2015-10-02,16,venerdì,32,0,pioggia ,0,0,0,0,0,0,0,0
237,2015-10-03,17,sabato,40,0,pioggia ,0,0,0,0,0,0,0,0
238,2015-10-04,17,domenica,31,0,pioggia temporale ,0,0,0,0,0,0,0,0
239,2015-10-06,17,martedì,26,0,pioggia ,0,0,0,0,0,0,0,0
240,2015-10-07,18,mercoledì,23,0,pioggia temporale nebbia ,0,0,0,0,0,0,0,0
241,2015-10-08,18,giovedì,22,0,pioggia ,0,0,0,0,0,0,0,0
242,2015-10-09,17,venerdì,29,0,sole,0,0,0,0,0,0,0,0
243,2015-10-10,16,sabato,44,0,sole,0,0,0,0,0,0,0,0
244,2015-10-11,16,domenica,38,0,sole,0,0,0,0,0,0,0,0
245,2015-10-13,14,martedì,25,0,pioggia ,0,0,0,0,0,0,0,0
246,2015-10-14,15,mercoledì,30,0,pioggia ,0,0,0,0,0,0,0,0
247,2015-10-15,14,giovedì,26,0,pioggia ,0,0,0,0,0,0,0,0
248,2015-10-16,11,venerdì,35,0,pioggia temporale ,0,0,0,0,0,0,0,0
249,2015-10-17,11,sabato,47,0,sole,0,0,0,0,0,0,1,0
250,2015-10-18,12,domenica,36,0,pioggia ,1,0,1,0,1,1,0,1
251,2015-10-20,11,martedì,24,0,sole,0,0,0,0,0,0,0,0
252,2015-10-21,10,mercoledì,21,0,sole,0,0,0,0,0,0,0,0
253,2015-10-22,10,giovedì,27,0,sole,0,0,0,0,0,0,0,0
254,2015-10-23,10,venerdì,30,0,sole,0,0,0,0,0,0,0,0
255,2015-10-24,11,sabato,46,0,sole,0,0,1,0,0,0,0,0
256,2015-10-25,11,domenica,36,0,sole,1,0,0,0,1,1,1,1
257,2015-10-27,12,martedì,27,0,sole,0,0,1,0,0,0,0,0
258,2015-10-28,13,mercoledì,25,0,pioggia ,1,0,0,0,1,1,1,1
259,2015-10-29,13,giovedì,24,0,pioggia ,0,0,0,0,0,0,0,0
260,2015-10-30,14,venerdì,33,0,nebbia ,0,0,0,0,0,0,0,0
261,2015-10-31,12,sabato,52,0,sole,0,0,1,0,1,0,0,0
262,2015-11-01,10,domenica,32,Ognissanti,sole,1,0,1,0,1,1,0,1
263,2015-11-03,9,martedì,25,0,sole,0,0,0,0,0,0,0,0
264,2015-11-04,11,mercoledì,25,0,sole,0,0,1,0,1,0,0,0
265,2015-11-05,11,giovedì,26,0,sole,0,0,0,0,0,0,0,0
266,2015-11-06,12,venerdì,32,0,sole,0,0,0,0,0,0,0,0
267,2015-11-07,12,sabato,56,0,sole,0,0,0,0,0,0,0,0
268,2015-11-08,12,domenica,28,0,sole,0,0,0,0,0,0,0,0
269,2015-11-10,9,martedì,30,0,sole,0,0,0,0,0,0,0,0
270,2015-11-11,7,mercoledì,30,0,sole,0,0,0,0,0,0,0,0
271,2015-11-12,9,giovedì,33,0,sole,0,0,0,0,0,0,0,0
272,2015-11-13,8,venerdì,36,0,sole,0,0,0,0,0,0,0,0
273,2015-11-14,9,sabato,49,0,sole,0,0,0,0,0,0,0,0
274,2015-11-15,8,domenica,33,0,sole,0,0,0,0,0,0,0,0
275,2015-11-17,9,martedì,28,0,sole,0,0,0,0,0,0,0,0
276,2015-11-18,10,mercoledì,37,0,sole,0,0,0,0,0,0,0,0
277,2015-11-19,11,giovedì,34,0,sole,0,0,0,0,0,0,0,0
278,2015-11-20,11,venerdì,41,0,sole,0,0,0,0,0,0,0,0
279,2015-11-21,9,sabato,44,0,sole,0,0,0,0,1,0,1,0
280,2015-11-22,5,domenica,33,0,sole,1,0,1,0,0,1,0,1
281,2015-11-24,4,martedì,22,0,sole,0,0,0,0,0,0,0,0
282,2015-11-25,2,mercoledì,25,0,sole,0,0,0,0,0,0,0,0
283,2015-11-26,4,giovedì,30,0,sole,0,0,0,0,0,0,0,0
284,2015-11-27,3,venerdì,34,0,sole,0,0,0,0,0,0,0,0
285,2015-11-28,2,sabato,55,0,sole,0,0,0,0,0,0,1,0
286,2015-11-29,2,domenica,42,0,sole,1,0,0,0,1,1,0,0
287,2015-12-02,5,mercoledì,30,0,sole,0,0,0,0,0,0,0,0
288,2015-12-03,2,giovedì,38,0,sole,0,0,0,0,0,0,0,0
289,2015-12-04,4,venerdì,33,0,sole,1,0,0,0,0,1,1,1
290,2015-12-05,6,sabato,55,0,sole,0,0,0,0,0,0,0,0
291,2015-12-06,5,domenica,38,0,sole,0,0,0,0,0,0,0,0
292,2015-12-07,4,lunedì,28,0,sole,0,0,0,0,0,0,0,0
293,2015-12-08,5,martedì,30,Immacolata Concezione,sole,0,0,0,0,0,0,0,0
294,2015-12-09,3,mercoledì,32,0,sole,1,0,0,0,1,0,0,0
295,2015-12-10,2,giovedì,27,0,sole,0,0,0,0,0,0,0,0
296,2015-12-11,0,venerdì,42,0,sole,0,0,0,0,0,0,0,0
297,2015-12-12,1,sabato,50,0,sole,0,0,1,0,0,0,0,0
298,2015-12-13,3,domenica,39,0,sole,1,0,0,0,1,0,1,1
299,2015-12-15,2,martedì,26,0,sole,0,0,0,0,0,0,0,0
300,2015-12-16,5,mercoledì,30,0,sole,0,0,0,0,0,0,0,0
301,2015-12-17,5,giovedì,30,0,sole,0,0,0,0,0,0,0,0
302,2015-12-18,4,venerdì,30,0,sole,0,0,0,0,0,0,0,0
303,2015-12-19,4,sabato,42,0,sole,0,0,0,0,0,0,0,0
304,2015-12-20,3,domenica,32,0,sole,1,0,1,0,1,1,1,1
305,2015-12-22,5,martedì,25,0,sole,0,0,0,0,0,0,0,0
306,2015-12-23,5,mercoledì,26,0,sole,0,0,0,0,0,0,0,0
307,2015-12-24,7,giovedì,19,0,sole,0,0,0,0,0,0,0,0
308,2015-12-26,4,sabato,19,Santo Stefano,sole,0,0,0,0,0,0,0,0
309,2015-12-27,2,domenica,24,0,sole,0,0,0,0,0,0,0,0
310,2015-12-29,2,martedì,28,0,sole,0,0,0,0,0,0,0,0
311,2015-12-30,7,mercoledì,20,0,sole,0,0,0,0,0,0,0,0
312,2015-12-31,4,giovedì,11,Ultimo dell'Anno,sole,0,0,0,0,0,0,0,0
313,2016-01-02,0,sabato,26,0,pioggia neve nebbia ,0,0,0,0,0,0,0,0
314,2016-01-03,2,domenica,30,0,pioggia nebbia ,0,0,0,0,0,0,0,0
315,2016-01-05,3,martedì,26,0,neve ,0,0,1,0,1,1,1,0
316,2016-01-06,4,mercoledì,25,Epifania,pioggia nebbia ,0,0,0,0,0,0,0,0
317,2016-01-07,0,giovedì,18,0,nebbia ,0,0,0,0,0,0,0,0
318,2016-01-08,3,venerdì,27,0,sole,0,0,0,0,0,0,0,0
319,2016-01-09,5,sabato,43,0,pioggia nebbia ,0,0,0,0,0,0,0,0
320,2016-01-10,6,domenica,39,0,nebbia ,1,0,0,0,0,1,0,0
321,2016-01-12,7,martedì,15,0,sole,0,0,0,0,0,0,0,0
322,2016-01-13,5,mercoledì,25,0,sole,0,0,0,0,0,0,0,0
323,2016-01-14,2,giovedì,27,0,pioggia ,0,0,0,0,0,0,0,0
324,2016-01-15,3,venerdì,33,0,sole,0,0,0,0,0,0,0,0
325,2016-01-16,4,sabato,48,0,sole,0,0,1,0,0,0,0,1
326,2016-01-17,3,domenica,33,0,sole,1,0,0,0,1,1,1,0
327,2016-01-19,-2,martedì,25,0,sole,0,0,0,0,0,0,0,0
328,2016-01-20,-1,mercoledì,29,0,sole,0,0,0,0,0,0,0,0
329,2016-01-21,-1,giovedì,31,0,sole,0,0,0,0,0,0,0,0
330,2016-01-22,1,venerdì,39,0,sole,0,0,0,0,0,0,0,0
331,2016-01-23,1,sabato,55,0,sole,0,0,0,0,0,0,1,0
332,2016-01-24,0,domenica,41,0,sole,1,0,1,0,1,1,0,1
333,2016-01-26,3,martedì,33,0,sole,0,0,0,0,0,0,0,0
334,2016-01-27,4,mercoledì,30,0,sole,0,0,0,0,0,0,0,0
335,2016-01-28,7,giovedì,23,0,sole,0,0,0,0,0,0,0,0
336,2016-01-29,8,venerdì,39,0,sole,0,0,0,0,0,0,0,0
337,2016-01-30,7,sabato,45,0,pioggia nebbia ,0,0,0,0,0,0,0,0
338,2016-01-31,6,domenica,32,0,nebbia ,1,0,1,0,1,1,1,1
339,2016-02-02,7,martedì,24,0,nebbia ,0,0,0,0,0,0,0,0
340,2016-02-03,8,mercoledì,20,0,pioggia nebbia ,0,0,0,0,0,0,0,0
341,2016-02-04,5,giovedì,25,Giovedì Grasso,nebbia ,0,0,0,0,1,0,0,0
342,2016-02-05,5,venerdì,32,0,sole,0,0,0,0,0,0,0,1
343,2016-02-06,5,sabato,41,0,sole,0,0,0,0,0,0,0,0
344,2016-02-07,10,domenica,34,Carnevale,pioggia ,0,0,0,0,0,0,0,0
345,2016-02-09,8,martedì,22,Martedì Grasso,pioggia ,0,0,0,0,0,0,0,0
346,2016-02-10,8,mercoledì,15,0,pioggia ,0,0,1,0,1,0,1,1
347,2016-02-11,4,giovedì,20,0,sole,0,0,0,0,0,0,0,0
348,2016-02-12,6,venerdì,22,0,pioggia ,0,0,1,0,0,0,0,1
349,2016-02-13,5,sabato,43,0,sole,1,0,0,0,1,0,0,1
350,2016-02-14,5,domenica,42,San Valentino,pioggia ,0,0,1,0,0,0,1,0
351,2016-02-16,9,martedì,27,0,pioggia ,0,0,0,0,0,0,0,0
352,2016-02-17,7,mercoledì,19,0,pioggia ,0,0,0,0,0,0,0,0
353,2016-02-18,8,giovedì,24,0,sole,0,0,0,0,0,0,0,0
354,2016-02-19,9,venerdì,34,0,sole,0,0,0,0,1,0,0,0
355,2016-02-20,7,sabato,47,0,sole,1,0,1,0,0,0,0,0
356,2016-02-21,7,domenica,33,0,sole,0,0,0,0,0,1,0,0
357,2016-02-23,10,martedì,24,0,nebbia ,0,0,0,0,0,0,0,0
358,2016-02-24,8,mercoledì,32,0,pioggia nebbia ,0,0,0,0,0,0,0,0
359,2016-02-25,7,giovedì,26,0,sole,0,0,0,0,0,0,0,0
360,2016-02-26,5,venerdì,23,0,pioggia nebbia ,0,0,0,0,0,0,0,0
361,2016-02-27,7,sabato,44,0,pioggia ,0,0,0,0,0,0,1,0
362,2016-02-28,12,domenica,34,0,pioggia ,1,0,1,0,1,0,0,0
363,2016-03-01,10,martedì,24,0,nebbia ,0,0,0,0,0,0,0,0
364,2016-03-02,9,mercoledì,35,0,pioggia ,1,0,1,0,1,1,1,1
365,2016-03-03,7,giovedì,18,0,pioggia ,0,0,0,0,0,0,0,0
366,2016-03-04,7,venerdì,23,0,sole,1,0,1,0,0,1,1,1
367,2016-03-05,8,sabato,46,0,pioggia ,0,0,0,0,0,0,0,0
368,2016-03-06,5,domenica,35,0,nebbia ,0,0,0,0,0,0,0,0
369,2016-03-08,5,martedì,25,0,pioggia ,0,0,0,0,0,0,0,0
370,2016-03-09,7,mercoledì,20,0,pioggia ,0,0,0,0,0,0,0,0
371,2016-03-10,9,giovedì,22,0,sole,0,0,0,0,0,0,0,0
372,2016-03-11,10,venerdì,31,0,sole,0,0,0,0,0,0,0,0
373,2016-03-12,11,sabato,41,0,sole,0,0,0,0,1,0,0,0
374,2016-03-13,11,domenica,26,0,sole,1,0,0,0,0,1,1,1
375,2016-03-15,7,martedì,12,0,pioggia ,0,0,0,0,0,0,0,0
376,2016-03-16,8,mercoledì,20,0,pioggia ,0,0,0,0,0,0,0,0
377,2016-03-17,10,giovedì,19,0,sole,0,0,0,0,0,0,0,0
378,2016-03-18,9,venerdì,27,0,sole,0,0,0,0,0,0,0,0
379,2016-03-19,10,sabato,37,Festa di San Giuseppe,sole,0,0,1,0,0,0,0,0
380,2016-03-20,10,domenica,27,Domenica delle Palme,sole,1,0,0,0,1,1,1,1
381,2016-03-22,12,martedì,13,0,nebbia ,0,0,0,0,0,0,0,0
382,2016-03-23,11,mercoledì,22,0,sole,0,0,0,0,0,0,0,0
383,2016-03-24,9,giovedì,25,0,sole,0,0,0,0,0,0,0,0
384,2016-03-25,10,venerdì,10,0,sole,0,0,0,0,0,0,0,0
385,2016-03-26,11,sabato,26,0,sole,0,0,0,0,0,0,0,0
386,2016-03-29,13,martedì,11,0,nebbia ,0,0,0,0,0,0,0,0
387,2016-03-30,13,mercoledì,24,0,sole,0,0,0,0,0,0,0,0
388,2016-03-31,14,giovedì,26,0,sole,0,0,0,0,0,0,0,0
389,2016-04-01,15,venerdì,25,0,sole,0,0,0,0,0,0,0,0
390,2016-04-02,14,sabato,45,0,sole,0,0,0,0,0,0,0,0
391,2016-04-03,14,domenica,37,0,sole,0,0,0,0,0,0,0,0
392,2016-04-05,14,martedì,17,0,sole,0,0,0,0,0,0,0,0
393,2016-04-06,15,mercoledì,25,0,sole,0,0,0,0,0,0,0,0
394,2016-04-07,15,giovedì,21,0,sole,0,0,0,0,0,0,0,0
395,2016-04-08,13,venerdì,23,0,sole,0,0,0,0,0,0,0,0
396,2016-04-09,13,sabato,40,0,sole,0,0,0,0,0,0,0,0
397,2016-04-10,15,domenica,30,0,sole,0,0,0,0,0,0,0,0
398,2016-04-12,15,martedì,28,0,sole,0,0,0,0,0,1,1,0
399,2016-04-13,16,mercoledì,25,0,sole,0,0,0,0,0,0,0,0
400,2016-04-14,16,giovedì,24,0,sole,0,0,0,0,0,0,0,0
401,2016-04-15,15,venerdì,28,0,sole,0,0,0,0,0,0,0,0
402,2016-04-16,16,sabato,37,0,sole,0,0,1,0,0,0,0,1
403,2016-04-17,16,domenica,29,0,sole,1,0,0,0,1,1,1,0
404,2016-04-19,14,martedì,24,0,sole,0,0,0,0,0,0,0,1
405,2016-04-20,15,mercoledì,19,0,sole,1,0,1,0,1,1,0,0
406,2016-04-22,16,venerdì,27,0,sole,0,0,0,0,0,0,0,0
407,2016-04-23,15,sabato,41,0,sole,0,0,1,0,0,0,0,0
408,2016-04-24,12,domenica,37,0,sole,1,0,0,0,1,1,0,0
409,2016-04-26,11,martedì,12,0,sole,0,0,0,0,0,0,0,0
410,2016-04-27,13,mercoledì,18,0,sole,0,0,0,0,0,0,0,0
411,2016-04-28,12,giovedì,21,0,sole,0,0,0,0,0,0,0,0
412,2016-04-29,14,venerdì,22,0,sole,0,0,0,0,0,0,0,0
413,2016-04-30,14,sabato,30,0,sole,1,0,0,0,0,0,0,0
414,2016-05-01,12,domenica,30,Festa dei Lavoratori,pioggia ,0,0,0,0,0,0,0,0
415,2016-05-03,16,martedì,23,0,temporale ,1,0,0,0,0,0,0,1
416,2016-05-04,18,mercoledì,25,0,sole,0,0,0,0,0,0,0,0
417,2016-05-05,17,giovedì,27,0,sole,0,0,0,0,0,0,0,0
418,2016-05-06,17,venerdì,27,0,sole,0,0,0,0,0,0,0,0
419,2016-05-07,18,sabato,30,0,sole,0,0,0,0,0,0,0,0
420,2016-05-08,18,domenica,27,Festa della Mamma,sole,0,0,0,0,0,0,0,0
421,2016-05-10,17,martedì,23,0,pioggia ,0,0,0,0,0,0,0,0
422,2016-05-11,15,mercoledì,28,0,pioggia ,0,0,0,0,0,1,0,1
423,2016-05-12,16,giovedì,23,0,pioggia temporale ,1,0,0,0,0,0,0,0
424,2016-05-13,15,venerdì,32,0,pioggia ,0,0,0,0,0,0,0,0
425,2016-05-14,17,sabato,46,0,pioggia temporale ,0,0,1,0,1,0,1,1
426,2016-05-15,15,domenica,28,Pentecoste,pioggia temporale nebbia ,1,0,0,0,0,1,0,0
427,2016-05-17,14,martedì,26,0,pioggia ,0,0,0,0,0,0,0,0
428,2016-05-18,16,mercoledì,25,0,pioggia ,0,0,0,0,0,0,0,0
429,2016-05-19,13,giovedì,17,0,pioggia ,0,0,0,0,0,0,0,0
430,2016-05-20,17,venerdì,23,0,sole,0,0,0,0,0,0,0,0
431,2016-05-21,19,sabato,36,0,sole,0,0,0,0,0,0,0,0
432,2016-05-22,21,domenica,34,0,sole,0,0,0,0,0,0,0,0
433,2016-05-24,17,martedì,18,0,pioggia ,0,0,0,0,0,0,0,0
434,2016-05-25,19,mercoledì,23,0,sole,0,0,0,0,0,0,0,0
435,2016-05-26,20,giovedì,25,0,sole,0,0,0,0,0,0,0,0
436,2016-05-27,22,venerdì,32,0,sole,0,0,0,0,0,0,0,0
437,2016-05-28,22,sabato,25,0,sole,0,0,0,0,0,0,0,0
438,2016-05-29,18,domenica,31,0,pioggia temporale ,0,0,0,0,0,0,0,0
439,2016-05-31,19,martedì,9,0,sole,0,0,0,0,0,0,0,0
440,2016-06-01,18,mercoledì,23,0,pioggia ,1,0,1,0,1,1,1,1
441,2016-06-02,18,giovedì,32,Festa della Repubblica,pioggia temporale ,0,0,0,0,0,1,0,0
442,2016-06-03,19,venerdì,19,0,sole,0,0,1,0,1,1,1,0
443,2016-06-04,18,sabato,30,0,pioggia temporale ,0,0,0,0,0,0,0,0
444,2016-06-05,19,domenica,23,0,pioggia temporale ,0,0,0,0,0,0,0,0
445,2016-06-07,22,martedì,11,0,sole,0,0,0,0,0,0,0,0
446,2016-06-08,21,mercoledì,25,0,pioggia temporale ,0,0,0,0,0,0,0,0
447,2016-06-09,19,giovedì,20,0,pioggia ,0,0,0,0,0,0,0,0
448,2016-06-10,21,venerdì,15,0,pioggia ,0,0,0,0,0,0,0,0
449,2016-06-11,21,sabato,26,0,pioggia ,1,0,1,0,1,0,1,0
450,2016-06-12,19,domenica,40,0,pioggia temporale ,0,0,0,0,0,0,0,0
451,2016-06-14,19,martedì,18,0,pioggia temporale ,0,0,0,0,0,0,0,0
452,2016-06-15,20,mercoledì,21,0,pioggia temporale ,0,0,0,0,0,0,0,0
453,2016-06-16,22,giovedì,20,0,sole,0,0,0,0,0,0,0,0
454,2016-06-17,21,venerdì,28,0,pioggia temporale ,0,0,0,0,0,0,0,0
455,2016-06-18,19,sabato,23,0,pioggia temporale ,0,0,0,0,0,0,0,0
456,2016-06-19,17,domenica,36,0,pioggia temporale ,0,0,0,0,0,0,0,0
457,2016-06-21,23,martedì,23,0,sole,0,0,0,0,0,0,0,0
458,2016-06-22,25,mercoledì,32,0,sole,0,0,0,0,0,0,0,0
459,2016-06-23,27,giovedì,12,0,sole,0,0,0,0,0,0,0,0
460,2016-06-24,28,venerdì,12,0,sole,0,0,0,0,0,0,0,0
461,2016-06-25,27,sabato,26,0,pioggia temporale ,0,0,0,0,0,0,0,0
462,2016-06-26,24,domenica,33,0,pioggia temporale ,0,0,0,0,0,0,0,0
463,2016-06-28,24,martedì,19,0,sole,0,0,0,0,0,0,0,0
464,2016-06-29,25,mercoledì,24,0,sole,0,0,0,0,0,0,0,0
465,2016-06-30,26,giovedì,23,0,sole,0,0,0,0,0,0,0,0
466,2016-07-01,26,venerdì,25,0,sole,0,0,0,0,0,0,0,0
467,2016-07-02,26,sabato,41,0,sole,1,0,1,0,1,0,1,1
468,2016-07-03,25,domenica,40,0,sole,0,0,0,0,0,0,0,0
469,2016-07-05,25,martedì,25,0,sole,0,0,1,0,0,0,1,0
470,2016-07-06,26,mercoledì,24,0,sole,0,0,0,0,0,0,0,0
471,2016-07-07,26,giovedì,19,0,sole,0,0,0,0,0,0,0,0
472,2016-07-08,26,venerdì,22,0,sole,0,0,0,0,0,0,0,0
473,2016-07-09,27,sabato,15,0,sole,0,0,0,0,0,0,0,0
474,2016-07-10,29,domenica,27,0,sole,0,0,0,0,0,0,0,0
475,2016-07-12,27,martedì,23,0,sole,0,0,0,0,0,0,0,0
476,2016-07-13,26,mercoledì,20,0,sole,0,0,0,0,0,0,0,0
477,2016-07-14,23,giovedì,19,0,sole,0,0,0,0,0,0,0,0
478,2016-07-15,21,venerdì,14,0,sole,0,0,0,0,0,0,0,0
479,2016-07-16,21,sabato,19,0,sole,0,0,0,0,0,0,0,0
480,2016-07-17,23,domenica,26,0,sole,0,0,0,0,0,0,0,0
481,2016-07-19,27,martedì,23,0,sole,0,0,0,0,0,0,0,0
482,2016-07-20,28,mercoledì,19,0,sole,0,0,0,0,0,0,0,0
483,2016-07-21,26,giovedì,14,0,sole,0,0,0,0,0,0,0,0
484,2016-07-22,27,venerdì,14,0,sole,0,0,0,0,0,0,0,0
485,2016-07-23,25,sabato,24,0,sole,0,0,0,0,0,0,0,0
486,2016-07-24,25,domenica,31,0,sole,0,0,0,0,0,0,0,0
487,2016-07-26,27,martedì,21,0,sole,0,0,0,0,0,0,0,0
488,2016-07-27,26,mercoledì,16,0,sole,0,0,0,0,0,0,0,0
489,2016-07-28,25,giovedì,16,0,sole,0,0,0,0,0,0,0,0
490,2016-07-29,26,venerdì,17,0,sole,0,0,0,0,0,0,0,0
491,2016-07-30,28,sabato,23,0,sole,0,0,0,0,0,0,0,0
492,2016-07-31,25,domenica,24,0,sole,0,0,0,0,0,0,0,0
493,2016-08-02,24,martedì,18,0,sole,0,0,0,0,0,0,0,0
494,2016-08-03,25,mercoledì,22,0,sole,0,0,0,0,0,0,0,0
495,2016-08-04,26,giovedì,21,0,sole,0,0,0,0,0,0,0,0
496,2016-08-05,22,venerdì,19,0,pioggia temporale ,1,0,0,0,1,1,0,1
497,2016-08-06,23,sabato,23,0,pioggia ,0,0,0,0,0,0,0,0
498,2016-08-07,24,domenica,21,0,sole,0,0,0,0,0,0,0,0
499,2016-08-09,24,martedì,26,0,pioggia temporale ,0,0,0,0,0,0,0,0
500,2016-08-10,20,mercoledì,20,0,pioggia temporale ,0,0,0,0,0,0,0,0
501,2016-08-11,20,giovedì,19,0,pioggia ,0,0,0,0,0,0,0,0
502,2016-08-12,20,venerdì,19,0,sole,0,0,0,0,0,0,0,0
503,2016-08-13,21,sabato,23,0,sole,0,0,0,0,0,0,0,0
504,2016-08-16,25,martedì,20,0,temporale ,0,0,0,0,0,0,0,0
505,2016-08-17,25,mercoledì,22,0,temporale ,0,0,0,0,0,0,0,0
506,2016-08-18,23,giovedì,25,0,pioggia temporale ,0,0,0,0,0,0,0,0
507,2016-08-19,23,venerdì,22,0,pioggia temporale ,0,0,0,0,0,0,0,0
508,2016-08-20,24,sabato,31,0,pioggia temporale ,0,0,0,0,1,0,0,0
509,2016-08-21,24,domenica,29,0,pioggia temporale nebbia ,1,0,1,0,0,1,1,1
510,2016-08-23,22,martedì,20,0,sole,0,0,0,0,0,0,0,0
511,2016-08-24,23,mercoledì,24,0,sole,0,0,0,0,0,0,0,0
512,2016-08-25,24,giovedì,23,0,sole,0,0,0,0,0,0,0,0
513,2016-08-26,23,venerdì,27,0,sole,0,0,0,0,0,0,0,0
514,2016-08-27,24,sabato,22,0,sole,0,0,0,0,1,1,1,1
515,2016-08-28,25,domenica,19,0,sole,1,0,1,0,0,0,0,0
516,2016-08-30,24,martedì,19,0,pioggia temporale ,0,0,0,0,0,0,0,0
517,2016-08-31,25,mercoledì,24,0,sole,0,0,0,0,0,0,0,0
518,2016-09-01,24,giovedì,27,0,sole,0,0,0,0,0,1,1,0
519,2016-09-02,25,venerdì,30,0,sole,0,0,0,0,0,0,0,0
520,2016-09-03,25,sabato,28,0,sole,0,0,0,0,0,0,0,0
521,2016-09-04,25,domenica,32,0,sole,1,0,1,0,1,0,1,0
522,2016-09-06,22,martedì,25,0,sole,0,0,0,0,0,0,0,0
523,2016-09-07,22,mercoledì,19,0,sole,0,0,0,0,0,0,0,0
524,2016-09-08,23,giovedì,27,0,sole,0,0,0,0,0,0,0,0
525,2016-09-09,24,venerdì,26,0,sole,0,0,0,0,0,0,0,0
526,2016-09-10,25,sabato,34,0,sole,0,0,0,0,0,0,0,0
527,2016-09-11,24,domenica,38,0,sole,0,0,0,0,0,0,0,0
528,2016-09-13,24,martedì,27,0,sole,0,0,0,0,0,0,0,0
529,2016-09-14,24,mercoledì,26,0,sole,0,0,0,0,0,0,0,0
530,2016-09-15,22,giovedì,40,0,sole,0,0,0,0,0,0,0,0
531,2016-09-16,19,venerdì,34,0,sole,0,0,0,0,0,0,1,0
532,2016-09-17,20,sabato,34,0,sole,0,0,0,0,0,1,0,1
533,2016-09-18,19,domenica,37,0,sole,1,0,1,0,1,0,0,0
534,2016-09-20,20,martedì,23,0,sole,0,0,0,0,0,1,1,0
535,2016-09-21,17,mercoledì,22,0,sole,1,0,1,0,1,0,0,1
536,2016-09-22,18,giovedì,25,0,sole,0,0,0,0,0,0,0,0
537,2016-09-23,17,venerdì,25,0,sole,0,0,0,0,0,0,0,0
538,2016-09-24,18,sabato,31,0,sole,1,0,0,0,1,0,0,1
539,2016-09-25,18,domenica,32,0,sole,0,0,1,0,0,1,1,0
540,2016-09-27,19,martedì,25,0,sole,0,0,0,0,0,0,0,0
541,2016-09-28,18,mercoledì,18,0,sole,0,0,0,0,0,0,0,0
542,2016-09-29,18,giovedì,29,0,sole,0,0,0,0,0,0,0,0
543,2016-09-30,18,venerdì,31,0,sole,0,0,0,0,0,0,0,0
544,2016-10-01,18,sabato,31,0,pioggia ,1,0,1,0,1,0,0,1
545,2016-10-02,18,domenica,26,0,pioggia ,0,0,0,0,0,0,0,0
546,2016-10-04,16,martedì,15,0,sole,0,0,0,0,0,1,0,1
547,2016-10-05,13,mercoledì,21,0,pioggia ,0,0,0,0,0,0,0,0
548,2016-10-06,13,giovedì,25,0,sole,0,0,0,0,0,0,0,0
549,2016-10-07,13,venerdì,29,0,sole,0,0,0,0,0,0,0,0
550,2016-10-08,12,sabato,29,0,sole,0,0,0,0,0,0,0,0
551,2016-10-09,13,domenica,33,0,pioggia ,0,0,0,0,1,0,0,1
552,2016-10-10,14,lunedì,1,0,sole,0,0,0,0,0,0,0,0
553,2016-10-11,11,martedì,18,0,sole,0,0,0,0,0,0,0,0
554,2016-10-12,9,mercoledì,19,0,sole,0,0,0,0,0,1,0,0
555,2016-10-13,10,giovedì,24,0,pioggia ,0,0,0,0,0,0,0,0
556,2016-10-14,13,venerdì,31,0,pioggia temporale ,0,0,0,0,0,0,0,0
557,2016-10-15,15,sabato,31,0,pioggia ,0,0,0,0,1,0,0,1
558,2016-10-16,14,domenica,33,0,nebbia ,1,0,1,0,0,1,1,0
559,2016-10-18,14,martedì,17,0,nebbia ,0,0,0,0,0,0,0,0
560,2016-10-19,13,mercoledì,21,0,pioggia ,0,0,0,0,0,0,0,0
561,2016-10-20,12,giovedì,28,0,pioggia ,0,0,0,0,0,0,0,0
562,2016-10-21,10,venerdì,27,0,sole,0,0,0,0,0,0,0,0
563,2016-10-22,11,sabato,49,0,pioggia nebbia ,0,0,0,0,1,0,1,0
564,2016-10-23,12,domenica,26,0,sole,1,0,1,0,0,1,0,1
565,2016-10-25,14,martedì,15,0,pioggia ,0,0,0,0,0,0,1,0
566,2016-10-26,15,mercoledì,17,0,nebbia ,1,0,1,0,1,1,0,1
567,2016-10-27,16,giovedì,22,0,pioggia ,0,0,0,0,0,0,0,0
568,2016-10-28,13,venerdì,26,0,sole,0,0,0,0,0,0,0,0
569,2016-10-29,11,sabato,33,0,sole,0,0,0,0,1,0,0,1
570,2016-10-30,11,domenica,19,0,nebbia ,1,0,1,0,0,1,1,0
571,2016-10-31,12,lunedì,17,0,nebbia ,0,0,0,0,0,0,0,0
572,2016-11-01,10,martedì,24,Ognissanti,nebbia ,0,0,0,0,0,0,0,0
573,2016-11-02,12,mercoledì,10,Giorno dei Morti,sole,0,0,0,0,0,1,0,0
574,2016-11-03,12,giovedì,14,0,sole,0,0,0,0,1,0,0,0
575,2016-11-04,10,venerdì,18,0,sole,0,0,0,0,0,0,0,0
576,2016-11-05,10,sabato,36,0,pioggia ,0,0,0,0,0,0,0,0
577,2016-11-06,11,domenica,26,0,pioggia nebbia ,0,0,0,0,0,0,0,0
578,2016-11-08,6,martedì,18,0,sole,0,0,0,0,0,0,0,0
579,2016-11-09,6,mercoledì,19,0,sole,1,0,1,0,0,1,1,0
580,2016-11-10,6,giovedì,10,0,sole,0,0,0,0,0,0,0,0
581,2016-11-11,6,venerdì,26,0,sole,0,0,0,0,0,0,0,0
582,2016-11-12,6,sabato,26,0,nebbia ,1,0,1,0,1,0,0,1
583,2016-11-13,6,domenica,19,0,sole,0,0,0,0,0,0,0,0
584,2016-11-15,4,martedì,19,0,sole,0,0,0,0,0,0,0,0
585,2016-11-16,4,mercoledì,14,0,sole,0,0,0,0,0,0,0,0
586,2016-11-17,6,giovedì,17,0,sole,0,0,0,0,0,0,0,0
587,2016-11-18,8,venerdì,28,0,pioggia ,0,0,0,0,0,0,0,0
588,2016-11-19,9,sabato,42,0,pioggia nebbia ,1,0,0,0,1,0,0,1
589,2016-11-20,10,domenica,20,0,nebbia ,0,0,1,0,0,1,1,0
590,2016-11-22,14,martedì,15,0,sole,0,0,0,0,0,0,0,0
591,2016-11-23,14,mercoledì,21,0,pioggia ,0,0,0,0,0,0,0,0
592,2016-11-24,14,giovedì,17,0,sole,0,0,0,0,0,0,0,0
593,2016-11-25,15,venerdì,24,0,pioggia ,0,0,0,0,0,0,0,0
594,2016-11-26,12,sabato,37,0,pioggia nebbia ,1,0,0,0,0,0,1,0
595,2016-11-27,9,domenica,30,0,nebbia ,0,0,0,0,1,1,0,0
596,2016-11-29,4,martedì,20,0,sole,0,0,0,0,0,0,0,0
597,2016-11-30,2,mercoledì,21,0,sole,0,0,0,0,0,0,0,0
598,2016-12-01,2,giovedì,21,0,sole,0,0,0,0,0,0,0,0
599,2016-12-02,3,venerdì,24,0,sole,0,0,0,0,0,0,0,0
600,2016-12-03,6,sabato,26,0,sole,0,0,1,0,0,0,0,0
601,2016-12-04,7,domenica,28,0,sole,0,0,0,0,0,0,0,0
602,2016-12-06,4,martedì,16,0,sole,0,0,0,0,0,0,0,0
603,2016-12-07,0,mercoledì,26,0,sole,0,0,0,0,0,0,0,0
604,2016-12-08,0,giovedì,26,Immacolata Concezione,sole,0,0,0,0,0,0,0,0
605,2016-12-09,-1,venerdì,31,0,sole,0,0,0,0,0,0,0,0
606,2016-12-10,-1,sabato,26,0,sole,0,0,0,0,0,0,0,0
607,2016-12-11,0,domenica,22,0,sole,0,0,0,0,0,0,0,0
608,2016-12-13,1,martedì,15,0,sole,0,0,0,0,0,0,0,0
609,2016-12-14,2,mercoledì,20,0,sole,0,0,0,0,0,0,0,0
610,2016-12-15,3,giovedì,17,0,sole,0,0,0,0,0,0,0,0
611,2016-12-16,3,venerdì,15,0,sole,0,0,0,0,0,0,0,0
612,2016-12-17,0,sabato,40,0,sole,0,0,0,0,1,0,1,0
613,2016-12-18,-2,domenica,27,0,sole,1,0,1,0,0,1,0,1
614,2016-12-20,8,martedì,16,0,sole,0,0,0,0,0,0,0,0
615,2016-12-21,8,mercoledì,16,0,sole,0,0,1,0,0,1,0,0
616,2016-12-22,4,giovedì,9,0,sole,1,0,0,0,0,0,0,1
617,2016-12-23,4,venerdì,22,0,sole,0,0,0,0,0,0,0,0
618,2016-12-24,2,sabato,12,0,sole,0,0,0,0,0,0,0,0
619,2016-12-26,4,lunedì,15,Santo Stefano,sole,0,0,0,0,0,0,0,0
620,2016-12-27,5,martedì,14,0,sole,0,0,0,0,0,0,0,0
621,2016-12-28,5,mercoledì,16,0,sole,0,0,0,0,0,0,0,0
622,2016-12-29,6,giovedì,20,0,sole,0,0,0,0,0,0,0,0
623,2016-12-30,2,venerdì,23,0,sole,0,0,0,0,0,0,0,0
624,2016-12-31,-1,sabato,19,Ultimo dell'Anno,sole,0,0,0,0,0,0,0,0
625,2017-01-01,-1,domenica,16,Primo dell'Anno,nebbia ,0,0,0,0,0,0,0,0
626,2017-01-03,4,martedì,21,0,sole,0,0,0,0,0,0,0,0
627,2017-01-04,0,mercoledì,22,0,sole,0,0,0,0,0,1,0,0
628,2017-01-05,3,giovedì,20,0,sole,0,0,0,0,0,0,0,0
629,2017-01-06,1,venerdì,22,Epifania,sole,0,0,0,0,0,0,0,0
630,2017-01-07,-3,sabato,29,0,sole,0,0,0,0,0,0,0,0
631,2017-01-08,-3,domenica,34,0,sole,0,0,0,0,0,0,0,0
632,2017-01-10,0,martedì,9,0,sole,1,0,1,0,1,1,1,1
633,2017-01-11,-2,mercoledì,22,0,sole,0,0,0,0,0,0,0,0
634,2017-01-12,0,giovedì,20,0,pioggia neve ,0,0,0,0,1,0,0,1
635,2017-01-13,1,venerdì,21,0,pioggia neve nebbia ,0,0,0,0,0,0,0,0
636,2017-01-14,1,sabato,35,0,sole,1,0,1,0,0,0,0,0
637,2017-01-15,2,domenica,22,0,sole,0,0,0,0,1,1,0,1
638,2017-01-17,3,martedì,14,0,sole,0,0,0,0,0,0,0,0
639,2017-01-18,2,mercoledì,18,0,sole,0,0,0,0,0,0,0,0
640,2017-01-19,2,giovedì,15,0,sole,0,0,0,0,0,0,0,0
641,2017-01-20,1,venerdì,14,0,sole,0,0,0,0,0,0,0,0
642,2017-01-21,0,sabato,32,0,sole,1,0,0,0,0,0,1,1
643,2017-01-22,1,domenica,32,0,sole,0,0,1,0,1,1,0,0
644,2017-01-24,3,martedì,15,0,sole,0,0,0,0,0,0,0,0
645,2017-01-25,1,mercoledì,13,0,sole,0,0,0,0,0,0,0,0
646,2017-01-26,0,giovedì,17,0,sole,0,0,0,0,0,0,0,0
647,2017-01-27,0,venerdì,30,0,sole,0,0,0,0,0,0,0,0
648,2017-01-28,0,sabato,40,0,sole,1,0,1,0,0,1,0,0
649,2017-01-29,-1,domenica,30,0,sole,0,0,0,0,1,0,1,1
650,2017-01-31,3,martedì,13,0,pioggia nebbia ,0,0,0,0,0,0,0,0
651,2017-02-01,4,mercoledì,18,0,pioggia nebbia ,0,0,0,0,0,0,0,0
652,2017-02-02,6,giovedì,18,0,pioggia nebbia ,0,0,0,0,0,0,0,0
653,2017-02-03,7,venerdì,30,0,pioggia nebbia ,0,0,0,0,0,0,0,0
654,2017-02-04,7,sabato,32,0,pioggia nebbia ,1,0,0,0,1,0,1,1
655,2017-02-05,5,domenica,33,0,pioggia nebbia ,0,0,0,0,0,0,0,0
656,2017-02-07,8,martedì,15,0,sole,0,0,0,0,0,0,0,0
657,2017-02-08,7,mercoledì,23,0,sole,0,0,0,0,0,0,0,0
658,2017-02-09,5,giovedì,22,0,sole,0,0,0,0,0,0,0,0
659,2017-02-10,5,venerdì,26,0,pioggia ,0,0,0,0,0,0,0,0
660,2017-02-11,6,sabato,44,0,sole,0,0,0,0,0,0,0,0
661,2017-02-12,7,domenica,27,0,sole,0,0,0,0,0,0,0,0
662,2017-02-14,6,martedì,24,San Valentino,sole,0,0,0,0,0,0,0,0
663,2017-02-15,6,mercoledì,23,0,sole,0,0,0,0,0,0,0,0
664,2017-02-16,7,giovedì,17,0,sole,0,0,0,0,0,0,0,0
665,2017-02-17,6,venerdì,25,0,sole,0,0,0,0,1,0,0,0
666,2017-02-18,6,sabato,32,0,sole,0,0,0,0,0,1,0,0
667,2017-02-19,3,domenica,34,0,nebbia ,1,0,1,0,0,0,1,1
668,2017-02-21,4,martedì,17,0,nebbia ,0,0,0,0,0,0,0,0
669,2017-02-22,7,mercoledì,21,0,nebbia ,0,0,0,0,0,0,0,0
670,2017-02-23,8,giovedì,25,Giovedì Grasso,sole,0,0,0,0,0,0,0,0
671,2017-02-24,8,venerdì,12,0,nebbia ,0,0,0,0,0,0,0,0
672,2017-02-25,8,sabato,43,0,sole,0,0,0,0,1,0,0,1
673,2017-02-26,7,domenica,39,Carnevale,sole,1,0,1,0,0,1,1,0
674,2017-02-28,9,martedì,27,Martedì Grasso,pioggia ,0,0,0,0,0,0,0,0
675,2017-03-01,10,mercoledì,24,0,sole,0,0,0,0,0,0,0,0
676,2017-03-02,8,giovedì,23,0,sole,0,0,0,0,0,0,0,0
677,2017-03-03,9,venerdì,23,0,sole,0,0,0,0,0,0,0,0
678,2017-03-04,9,sabato,42,0,sole,0,0,1,0,0,0,0,0
679,2017-03-05,10,domenica,37,0,sole,0,0,0,0,0,0,0,0
680,2017-03-07,11,martedì,23,0,sole,0,0,0,0,0,0,0,0
681,2017-03-08,11,mercoledì,19,0,sole,0,0,0,0,0,0,0,0
682,2017-03-09,10,giovedì,28,0,sole,0,0,0,0,0,0,0,0
683,2017-03-10,13,venerdì,37,0,sole,0,0,0,0,0,0,0,0
684,2017-03-11,9,sabato,52,0,sole,0,0,0,0,0,0,0,0
685,2017-03-12,9,domenica,38,0,sole,1,0,1,0,0,1,1,0
686,2017-03-14,12,martedì,30,0,sole,0,0,0,0,0,0,0,0
687,2017-03-15,12,mercoledì,27,0,sole,0,0,0,0,0,0,0,0
688,2017-03-16,12,giovedì,19,0,sole,0,0,0,0,0,0,0,0
689,2017-03-17,12,venerdì,29,0,sole,0,0,0,0,0,0,0,0
690,2017-03-18,12,sabato,37,0,sole,0,0,1,0,0,0,1,0
691,2017-03-19,11,domenica,29,Festa di San Giuseppe,sole,1,0,0,0,1,1,0,1
692,2017-03-21,13,martedì,22,0,sole,0,0,0,0,0,0,0,0
693,2017-03-22,13,mercoledì,32,0,sole,0,0,0,0,0,0,0,0
694,2017-03-23,14,giovedì,41,0,sole,0,0,0,0,0,0,0,0
695,2017-03-24,15,venerdì,30,0,sole,0,0,0,0,0,0,0,0
696,2017-03-25,14,sabato,45,0,sole,0,0,0,0,0,0,0,0
697,2017-03-26,13,domenica,40,0,sole,0,0,0,0,0,0,0,0
698,2017-03-28,12,martedì,12,0,sole,0,0,0,0,0,0,0,0
699,2017-03-29,14,mercoledì,20,0,sole,0,0,0,0,0,0,0,0
700,2017-03-30,16,giovedì,19,0,sole,0,0,0,0,0,0,0,0
701,2017-03-31,16,venerdì,30,0,sole,0,0,0,0,0,0,0,0
702,2017-04-01,15,sabato,34,0,sole,0,0,0,0,0,0,0,0
703,2017-04-02,16,domenica,35,0,sole,0,0,0,0,0,0,0,1
704,2017-04-04,17,martedì,25,0,sole,0,0,0,0,0,0,0,0
705,2017-04-05,14,mercoledì,26,0,sole,0,0,0,0,0,0,0,0
706,2017-04-06,14,giovedì,17,0,sole,0,0,0,0,0,0,0,0
707,2017-04-07,14,venerdì,18,0,sole,0,0,0,0,0,0,0,0
708,2017-04-08,15,sabato,34,0,sole,0,0,0,0,0,0,0,0
709,2017-04-09,16,domenica,33,Domenica delle Palme,sole,0,0,0,0,0,0,0,0
710,2017-04-11,16,martedì,20,0,sole,0,0,0,0,0,0,0,0
711,2017-04-12,17,mercoledì,22,0,sole,0,0,0,0,0,0,0,0
712,2017-04-13,17,giovedì,24,0,sole,0,0,0,0,0,0,0,0
713,2017-04-14,18,venerdì,22,0,sole,0,0,0,0,0,0,0,0
714,2017-04-15,16,sabato,35,0,sole,1,0,1,0,1,1,1,1
715,2017-04-18,9,martedì,14,0,sole,0,0,0,0,0,0,0,0
716,2017-04-19,11,mercoledì,23,0,sole,0,0,0,0,0,0,0,0
717,2017-04-20,11,giovedì,34,0,sole,0,0,0,0,0,0,0,0
718,2017-04-21,11,venerdì,24,0,sole,0,0,0,0,0,0,0,0
719,2017-04-22,12,sabato,49,0,sole,0,0,1,0,0,0,0,0
720,2017-04-23,13,domenica,40,0,sole,1,0,0,0,1,1,1,1
721,2017-04-24,15,lunedì,32,0,sole,0,0,0,0,0,0,0,0
722,2017-04-25,15,martedì,46,Anniversario della Liberazione,sole,0,0,0,0,0,0,0,0
723,2017-04-26,13,mercoledì,26,0,sole,0,0,0,0,0,0,0,0
724,2017-04-27,15,giovedì,29,0,sole,0,0,0,0,0,0,0,0
725,2017-04-28,12,venerdì,34,0,sole,0,0,0,0,1,0,0,0
726,2017-04-29,12,sabato,42,0,sole,0,0,0,0,0,0,0,0
727,2017-04-30,13,domenica,40,0,sole,1,0,1,0,0,1,1,1
728,2017-05-01,12,lunedì,49,Festa dei Lavoratori,pioggia ,0,0,0,0,0,0,0,0
729,2017-05-02,13,martedì,19,0,pioggia ,1,0,1,0,1,1,1,0
730,2017-05-03,13,mercoledì,36,0,pioggia ,0,0,1,0,1,1,0,0
731,2017-05-04,13,giovedì,21,0,pioggia temporale ,0,0,0,0,0,0,0,0
732,2017-05-05,15,venerdì,31,0,nebbia ,0,0,0,0,0,0,0,0
733,2017-05-06,14,sabato,50,0,pioggia ,0,0,0,0,0,0,0,0
734,2017-05-07,13,domenica,38,0,pioggia ,0,0,0,0,0,0,0,0
735,2017-05-09,15,martedì,42,0,pioggia temporale ,0,0,0,0,0,0,0,0
736,2017-05-10,15,mercoledì,51,0,sole,0,0,0,0,0,0,0,0
737,2017-05-11,16,giovedì,44,0,sole,1,0,1,0,1,0,1,1
738,2017-05-12,18,venerdì,44,0,pioggia temporale ,0,0,0,0,0,0,0,0
739,2017-05-13,19,sabato,53,0,pioggia temporale ,0,0,0,0,0,1,1,0
740,2017-05-14,20,domenica,43,Festa della Mamma,pioggia temporale ,1,0,1,0,1,0,0,1
741,2017-05-16,21,martedì,32,0,sole,0,0,0,0,0,0,0,0
742,2017-05-17,23,mercoledì,39,0,sole,0,0,0,0,0,0,0,0
743,2017-05-18,22,giovedì,34,0,sole,0,0,0,0,0,0,0,0
744,2017-05-19,19,venerdì,35,0,pioggia temporale ,0,0,0,0,0,0,0,0
745,2017-05-20,15,sabato,48,0,pioggia temporale ,1,0,0,0,0,0,0,1
746,2017-05-21,20,domenica,34,0,sole,0,0,1,0,1,1,1,0
747,2017-05-23,22,martedì,21,0,sole,0,0,0,0,0,0,0,0
748,2017-05-24,22,mercoledì,24,0,sole,0,0,0,0,0,0,0,0
749,2017-05-25,21,giovedì,29,0,sole,0,0,0,0,0,0,0,0
750,2017-05-26,21,venerdì,26,0,sole,0,0,0,0,0,0,0,0
751,2017-05-27,22,sabato,27,0,sole,1,0,0,0,1,0,0,0
752,2017-05-28,27,domenica,32,0,sole,0,0,1,0,0,1,1,1
753,2017-05-30,24,martedì,47,0,sole,0,0,0,0,0,0,0,0
754,2017-05-31,25,mercoledì,52,0,sole,0,0,0,0,0,0,0,0
755,2017-06-01,24,giovedì,25,0,sole,0,0,0,0,0,0,0,0
756,2017-06-02,24,venerdì,26,Festa della Repubblica,sole,0,0,0,0,0,0,0,0
757,2017-06-03,25,sabato,31,0,sole,0,0,0,0,0,0,0,0
758,2017-06-04,24,domenica,32,Pentecoste,sole,0,0,0,0,0,0,0,0
759,2017-06-06,20,martedì,53,0,sole,0,0,0,0,0,0,0,0
760,2017-06-07,21,mercoledì,30,0,sole,0,0,0,0,0,0,0,0
761,2017-06-08,20,giovedì,26,0,sole,0,0,0,0,0,0,0,0
762,2017-06-09,21,venerdì,28,0,sole,0,0,0,0,0,0,0,0
763,2017-06-10,23,sabato,33,0,sole,0,0,0,0,0,0,0,0
764,2017-06-11,25,domenica,33,0,sole,0,0,0,0,0,0,0,0
765,2017-06-13,26,martedì,45,0,sole,0,0,0,0,0,0,0,0
766,2017-06-14,25,mercoledì,31,0,sole,0,0,0,0,0,0,0,0
767,2017-06-15,25,giovedì,27,0,sole,0,0,0,0,0,0,0,0
768,2017-06-16,27,venerdì,25,0,sole,0,0,0,0,0,0,0,0
769,2017-06-17,27,sabato,22,0,sole,0,0,0,0,0,0,0,0
770,2017-06-18,24,domenica,33,0,sole,0,0,0,0,0,0,0,0
771,2017-06-20,26,martedì,32,0,sole,0,0,0,0,0,0,0,0
772,2017-06-21,28,mercoledì,17,0,sole,0,0,0,0,0,0,0,0
773,2017-06-22,29,giovedì,20,0,sole,0,0,0,0,0,0,0,0
774,2017-06-23,29,venerdì,18,0,sole,0,0,0,0,0,0,0,0
775,2017-06-24,29,sabato,28,0,sole,0,0,0,0,0,0,0,0
776,2017-06-25,25,domenica,26,0,sole,0,0,0,0,0,0,0,0
777,2017-06-27,26,martedì,17,0,sole,0,0,0,0,0,0,0,0
778,2017-06-28,23,mercoledì,32,0,sole,0,0,0,0,0,0,0,0
779,2017-06-29,21,giovedì,28,0,sole,0,0,0,0,0,0,0,0
780,2017-06-30,21,venerdì,33,0,sole,0,0,0,0,0,0,0,0
781,2017-07-01,21,sabato,20,0,sole,0,0,0,0,0,0,0,1
782,2017-07-02,22,domenica,29,0,sole,0,0,0,0,0,0,0,0
783,2017-07-04,25,martedì,19,0,sole,0,0,0,0,0,0,0,0
784,2017-07-05,26,mercoledì,16,0,sole,1,0,1,0,0,1,1,0
785,2017-07-06,28,giovedì,24,0,sole,0,0,0,0,0,0,0,0
786,2017-07-07,28,venerdì,18,0,sole,0,0,0,0,0,0,0,0
787,2017-07-08,28,sabato,26,0,sole,0,0,0,0,0,0,0,0
788,2017-07-09,28,domenica,25,0,sole,0,0,0,0,0,0,0,0
789,2017-07-11,25,martedì,14,0,sole,0,0,0,0,0,0,0,0
790,2017-07-12,25,mercoledì,17,0,sole,0,0,0,0,0,0,0,0
791,2017-07-13,26,giovedì,19,0,sole,0,0,0,0,0,0,0,0
792,2017-07-14,24,venerdì,19,0,sole,0,0,0,0,0,0,0,0
793,2017-07-15,23,sabato,27,0,sole,0,0,0,0,0,0,0,0
794,2017-07-16,23,domenica,28,0,sole,0,0,0,0,0,0,0,0
795,2017-07-18,25,martedì,17,0,sole,0,0,0,0,0,0,0,0
796,2017-07-19,27,mercoledì,27,0,sole,0,0,0,0,0,0,0,0
797,2017-07-20,26,giovedì,25,0,sole,0,0,0,0,0,0,0,0
798,2017-07-21,26,venerdì,25,0,sole,0,0,0,0,0,0,0,0
799,2017-07-22,27,sabato,23,0,sole,0,0,0,0,0,0,0,0
800,2017-07-23,27,domenica,29,0,sole,0,0,0,0,0,0,0,0
801,2017-07-25,22,martedì,22,0,sole,0,0,0,0,0,0,0,0
802,2017-07-26,21,mercoledì,15,0,sole,0,0,0,0,0,0,0,0
803,2017-07-27,23,giovedì,21,0,sole,0,0,0,0,0,0,0,0
804,2017-07-28,25,venerdì,17,0,sole,0,0,0,0,0,0,0,0
805,2017-07-29,26,sabato,27,0,sole,0,0,0,0,0,0,0,0
806,2017-07-30,25,domenica,33,0,sole,0,0,0,0,0,0,0,0
807,2017-08-01,29,martedì,23,0,sole,1,0,1,0,1,1,1,0
808,2017-08-02,30,mercoledì,19,0,sole,0,0,0,0,1,0,1,0
809,2017-08-03,30,giovedì,25,0,sole,0,0,0,0,0,0,0,0
810,2017-08-04,30,venerdì,27,0,sole,1,0,0,0,1,0,0,0
811,2017-08-05,30,sabato,28,0,sole,0,0,0,0,0,0,0,0
812,2017-08-06,28,domenica,22,0,sole,0,0,0,0,0,0,0,0
813,2017-08-08,26,martedì,20,0,sole,0,0,0,0,0,0,0,0
814,2017-08-09,27,mercoledì,24,0,sole,0,0,0,0,0,0,0,0
815,2017-08-10,25,giovedì,26,0,sole,0,0,0,0,0,0,0,0
816,2017-08-11,22,venerdì,28,0,sole,0,0,0,0,0,0,0,0
817,2017-08-12,22,sabato,29,0,sole,0,0,0,0,0,0,0,0
818,2017-08-13,23,domenica,25,0,sole,0,0,0,0,0,0,0,0
819,2017-08-16,27,mercoledì,20,0,sole,0,0,0,0,0,0,0,0
820,2017-08-17,27,giovedì,18,0,sole,0,0,0,0,0,0,0,0
821,2017-08-18,28,venerdì,21,0,sole,0,0,0,0,0,0,0,0
822,2017-08-19,26,sabato,28,0,sole,0,0,0,0,1,0,0,1
823,2017-08-20,22,domenica,28,0,sole,1,0,1,0,0,1,1,0
824,2017-08-22,22,martedì,22,0,sole,0,0,0,0,0,0,0,0
825,2017-08-23,23,mercoledì,26,0,sole,0,0,0,0,0,0,0,0
826,2017-08-24,25,giovedì,12,0,sole,0,0,0,0,0,0,0,0
827,2017-08-25,26,venerdì,19,0,sole,0,0,0,0,0,0,0,0
828,2017-08-26,27,sabato,28,0,sole,0,0,1,0,1,0,0,0
829,2017-08-27,28,domenica,26,0,sole,1,0,0,0,0,1,1,1
830,2017-08-29,25,martedì,24,0,sole,0,0,0,0,0,0,0,0
831,2017-08-30,26,mercoledì,21,0,sole,0,0,0,0,0,0,0,0
832,2017-08-31,25,giovedì,30,0,sole,0,0,0,0,0,0,0,0
833,2017-09-01,23,venerdì,29,0,pioggia temporale ,0,0,0,0,0,0,0,0
834,2017-09-02,18,sabato,34,0,pioggia temporale ,0,0,0,0,0,0,0,0
835,2017-09-03,20,domenica,34,0,pioggia ,0,0,0,0,0,0,0,0
836,2017-09-05,21,martedì,33,0,sole,0,0,0,0,0,0,0,0
837,2017-09-06,22,mercoledì,25,0,sole,0,0,0,0,0,0,0,0
838,2017-09-07,21,giovedì,24,0,pioggia temporale ,0,0,0,0,0,0,0,0
839,2017-09-08,20,venerdì,30,0,sole,0,0,0,0,0,0,0,0
840,2017-09-09,20,sabato,40,0,pioggia temporale ,1,0,0,0,1,0,0,0
841,2017-09-10,18,domenica,38,0,pioggia ,0,0,0,0,0,0,0,0
842,2017-09-12,18,martedì,26,0,pioggia temporale ,0,0,1,0,1,0,0,0
843,2017-09-13,18,mercoledì,18,0,sole,0,0,0,0,0,0,0,0
844,2017-09-14,17,giovedì,15,0,pioggia ,0,0,0,0,0,0,0,0
845,2017-09-15,17,venerdì,27,0,pioggia ,0,0,0,0,0,0,0,0
846,2017-09-16,16,sabato,28,0,pioggia ,0,0,1,0,0,0,0,0
847,2017-09-17,17,domenica,31,0,pioggia temporale ,1,0,0,0,1,1,1,1
848,2017-09-19,14,martedì,16,0,pioggia ,0,0,1,0,0,0,0,0
849,2017-09-20,17,mercoledì,20,0,sole,1,0,0,0,1,1,1,1
850,2017-09-21,18,giovedì,25,0,sole,0,0,0,0,0,0,0,0
851,2017-09-22,16,venerdì,17,0,sole,0,0,0,0,0,0,0,0
852,2017-09-23,17,sabato,5,0,sole,0,0,0,0,1,0,0,1
853,2017-09-24,16,domenica,30,0,pioggia temporale ,1,0,1,0,0,1,1,0
854,2017-09-26,17,martedì,21,0,sole,0,0,0,0,0,0,0,0
855,2017-09-27,18,mercoledì,16,0,sole,0,0,0,0,0,0,0,0
856,2017-09-28,18,giovedì,21,0,sole,0,0,0,0,0,0,0,0
857,2017-09-29,18,venerdì,31,0,sole,0,0,0,0,0,0,0,0
858,2017-09-30,17,sabato,27,0,pioggia ,0,0,0,0,0,0,0,0
859,2017-10-01,15,domenica,28,0,pioggia ,0,0,0,0,0,0,0,0
860,2017-10-03,16,martedì,22,0,sole,0,0,0,0,1,0,1,0
861,2017-10-04,16,mercoledì,25,0,sole,0,0,0,0,0,0,0,0
862,2017-10-05,17,giovedì,22,0,sole,0,0,0,0,0,0,0,0
863,2017-10-06,17,venerdì,36,0,pioggia temporale ,0,0,0,0,0,0,0,0
864,2017-10-07,14,sabato,23,0,sole,0,0,0,0,0,0,0,0
865,2017-10-08,15,domenica,26,0,sole,0,0,0,0,0,0,0,0
866,2017-10-10,15,martedì,19,0,sole,0,0,0,0,0,0,0,0
867,2017-10-11,17,mercoledì,22,0,sole,0,0,0,0,0,0,0,0
868,2017-10-12,16,giovedì,24,0,sole,1,0,0,0,0,0,1,1
869,2017-10-13,15,venerdì,33,0,sole,0,0,0,0,0,0,0,0
870,2017-10-14,15,sabato,38,0,sole,0,0,0,0,1,1,0,1
871,2017-10-15,16,domenica,32,0,sole,1,0,1,0,0,0,1,0
872,2017-10-17,15,martedì,31,0,sole,0,0,0,0,0,0,0,0
873,2017-10-18,13,mercoledì,33,0,sole,0,0,0,0,0,0,0,0
874,2017-10-19,12,giovedì,19,0,nebbia ,0,0,0,0,0,0,0,0
875,2017-10-20,13,venerdì,35,0,nebbia ,0,0,0,0,0,0,0,0
876,2017-10-21,14,sabato,41,0,sole,0,0,1,0,0,0,0,1
877,2017-10-22,14,domenica,38,0,pioggia temporale ,1,0,0,0,1,1,1,0
878,2017-10-24,14,martedì,31,0,sole,0,0,1,0,0,0,0,0
879,2017-10-25,11,mercoledì,31,0,sole,1,0,0,0,1,1,1,1
880,2017-10-26,13,giovedì,30,0,sole,0,0,0,0,0,0,0,0
881,2017-10-27,12,venerdì,22,0,sole,0,0,0,0,0,0,0,0
882,2017-10-28,9,sabato,45,0,sole,0,0,0,0,1,0,1,0
883,2017-10-29,12,domenica,26,0,sole,1,0,0,0,0,1,0,1
884,2017-10-31,11,martedì,24,0,sole,0,0,0,0,0,0,0,0
885,2017-11-01,10,mercoledì,32,Ognissanti,sole,0,0,0,0,0,0,0,0
886,2017-11-02,9,giovedì,15,Giorno dei Morti,sole,0,0,0,0,0,0,0,0
887,2017-11-03,10,venerdì,30,0,sole,0,0,0,0,0,0,0,0
888,2017-11-04,11,sabato,44,0,sole,0,0,0,0,0,0,0,0
889,2017-11-05,14,domenica,39,0,sole,0,0,0,0,0,0,0,0
890,2017-11-07,11,martedì,19,0,sole,0,0,0,0,0,0,0,0
891,2017-11-08,10,mercoledì,14,0,sole,0,0,0,0,0,0,0,0
892,2017-11-09,10,giovedì,20,0,sole,0,0,0,0,0,0,0,0
893,2017-11-10,10,venerdì,30,0,sole,0,0,0,0,0,0,0,0
894,2017-11-11,6,sabato,39,0,sole,0,0,0,0,0,0,0,0
895,2017-11-12,7,domenica,28,0,sole,0,0,0,0,0,1,0,0
896,2017-11-14,7,martedì,20,0,sole,0,0,0,0,0,0,0,0
897,2017-11-15,6,mercoledì,23,0,sole,0,0,0,0,0,0,0,0
898,2017-11-16,9,giovedì,26,0,sole,0,0,0,0,0,0,0,0
899,2017-11-17,7,venerdì,29,0,sole,0,0,0,0,0,0,0,0
900,2017-11-18,7,sabato,49,0,sole,0,0,0,0,0,1,1,1
901,2017-11-19,5,domenica,25,0,sole,1,0,1,0,1,0,0,0
902,2017-11-21,6,martedì,28,0,sole,0,0,0,0,0,0,0,0
903,2017-11-22,7,mercoledì,23,0,sole,0,0,0,0,0,0,0,0
904,2017-11-23,9,giovedì,23,0,sole,0,0,0,0,0,0,0,0
905,2017-11-24,8,venerdì,27,0,sole,0,0,0,0,0,0,0,0
906,2017-11-25,9,sabato,44,0,sole,1,0,1,0,0,0,0,0
907,2017-11-26,7,domenica,32,0,sole,0,0,0,0,1,1,1,1
908,2017-11-28,1,martedì,28,0,sole,0,0,0,0,0,0,0,0
909,2017-11-29,4,mercoledì,27,0,sole,0,0,0,0,0,0,0,0
910,2017-11-30,4,giovedì,20,0,sole,0,0,0,0,0,0,0,0
911,2017-12-01,3,venerdì,28,0,nebbia ,0,0,0,0,0,0,0,0
912,2017-12-02,5,sabato,49,0,sole,1,0,1,0,1,0,0,0
913,2017-12-03,2,domenica,32,0,sole,1,0,1,0,0,0,0,1
914,2017-12-05,1,martedì,16,0,sole,0,0,0,0,0,0,0,0
915,2017-12-06,1,mercoledì,27,0,sole,0,0,0,0,0,0,0,0
916,2017-12-07,2,giovedì,32,0,sole,0,0,0,0,0,0,0,0
917,2017-12-08,4,venerdì,31,Immacolata Concezione,sole,0,0,0,0,0,0,0,0
918,2017-12-09,3,sabato,39,0,sole,0,0,0,0,0,0,0,0
919,2017-12-10,-1,domenica,22,0,neve ,0,0,0,0,0,0,0,0
920,2017-12-12,5,martedì,16,0,pioggia nebbia ,0,0,0,0,0,0,0,0
921,2017-12-13,3,mercoledì,21,0,nebbia ,0,0,0,0,0,0,0,0
922,2017-12-14,4,giovedì,27,0,nebbia ,0,0,0,0,0,0,0,0
923,2017-12-15,4,venerdì,21,0,nebbia ,0,0,0,0,0,0,0,0
924,2017-12-16,4,sabato,42,0,nebbia ,0,0,1,0,0,0,0,1
925,2017-12-17,1,domenica,32,0,nebbia ,1,0,0,0,1,1,1,0
926,2017-12-19,0,martedì,23,0,sole,0,0,0,0,0,0,0,0
927,2017-12-20,0,mercoledì,24,0,sole,0,0,0,0,0,0,0,0
928,2017-12-21,-1,giovedì,18,0,sole,0,0,0,0,0,0,0,0
929,2017-12-22,0,venerdì,34,0,nebbia ,1,0,0,0,0,0,0,0
930,2017-12-23,1,sabato,29,0,nebbia ,0,0,1,0,1,1,1,1
931,2017-12-24,2,domenica,11,0,sole,0,0,0,0,0,0,0,0
932,2017-12-26,5,martedì,25,Santo Stefano,pioggia ,0,0,0,0,0,0,0,0
933,2017-12-27,7,mercoledì,23,0,pioggia nebbia ,0,0,0,0,0,0,0,0
934,2017-12-28,5,giovedì,16,0,pioggia ,0,0,0,0,0,0,0,0
935,2017-12-29,3,venerdì,14,0,sole,0,0,0,0,0,0,0,1
936,2017-12-30,2,sabato,31,0,sole,1,0,1,0,1,1,1,0
937,2017-12-31,2,domenica,10,Ultimo dell'Anno,sole,0,0,0,0,0,0,0,0
938,2018-01-02,4,martedì,20,0,nebbia ,0,0,0,0,0,0,0,0
939,2018-01-03,3,mercoledì,15,0,pioggia ,0,0,0,0,0,0,0,0
940,2018-01-04,5,giovedì,25,0,sole,0,0,0,0,0,0,0,0
941,2018-01-05,5,venerdì,27,0,sole,0,0,0,0,0,0,0,0
942,2018-01-06,7,sabato,26,Epifania,pioggia ,0,0,0,0,0,0,0,0
943,2018-01-07,10,domenica,38,0,sole,0,0,0,0,0,0,0,0
944,2018-01-09,12,martedì,18,0,sole,0,0,1,0,1,0,0,0
945,2018-01-10,8,mercoledì,28,0,nebbia ,0,0,0,0,0,0,0,0
946,2018-01-11,7,giovedì,26,0,nebbia ,0,0,0,0,0,0,0,0
947,2018-01-12,7,venerdì,41,0,sole,0,0,0,0,1,0,0,0
948,2018-01-13,5,sabato,40,0,sole,0,0,0,0,0,0,0,0
949,2018-01-14,4,domenica,37,0,sole,0,0,0,0,0,0,0,0
950,2018-01-16,4,martedì,20,0,pioggia ,0,0,0,0,0,0,0,0
951,2018-01-17,6,mercoledì,28,0,nebbia ,0,0,0,0,0,0,0,0
952,2018-01-18,5,giovedì,27,0,sole,0,0,0,0,0,0,0,0
953,2018-01-19,3,venerdì,35,0,sole,0,0,0,0,0,0,0,0
954,2018-01-20,3,sabato,48,0,sole,0,0,0,0,0,0,0,0
955,2018-01-21,5,domenica,43,0,sole,1,0,1,0,0,1,1,1
956,2018-01-23,4,martedì,27,0,sole,0,0,0,0,0,0,0,0
957,2018-01-24,4,mercoledì,23,0,sole,0,0,0,0,0,1,0,0
958,2018-01-25,4,giovedì,27,0,sole,0,0,0,0,0,0,0,0
959,2018-01-26,6,venerdì,36,0,sole,0,0,0,0,0,0,0,0
960,2018-01-27,8,sabato,38,0,sole,1,0,0,0,1,0,0,0
961,2018-01-28,6,domenica,40,0,nebbia ,0,0,1,0,0,1,1,1
962,2018-01-30,5,martedì,21,0,nebbia ,0,0,0,0,0,0,0,0
963,2018-01-31,6,mercoledì,22,0,pioggia nebbia ,0,0,0,0,0,0,0,0
964,2018-02-01,7,giovedì,19,0,pioggia ,0,0,0,0,0,0,0,0
965,2018-02-02,6,venerdì,34,0,pioggia ,0,0,0,0,0,0,0,0
966,2018-02-03,4,sabato,49,0,pioggia ,0,0,0,0,0,0,0,0
967,2018-02-04,4,domenica,38,0,sole,0,0,0,0,0,0,0,0
968,2018-02-06,6,martedì,25,0,pioggia ,0,0,0,0,0,0,0,0
969,2018-02-07,5,mercoledì,25,0,pioggia ,0,0,0,0,0,0,0,0
970,2018-02-08,6,giovedì,26,Giovedì Grasso,sole,0,0,0,0,0,0,0,0
971,2018-02-09,6,venerdì,31,0,pioggia nebbia ,1,0,0,0,0,1,0,1
972,2018-02-10,5,sabato,47,0,pioggia temporale ,0,0,0,0,0,0,0,0
973,2018-02-11,4,domenica,35,Carnevale,sole,0,0,0,0,0,0,0,1
974,2018-02-13,4,martedì,28,Martedì Grasso,sole,0,0,0,0,0,0,0,0
975,2018-02-14,2,mercoledì,34,San Valentino,sole,0,0,0,0,0,0,0,0
976,2018-02-15,2,giovedì,23,0,sole,0,0,0,0,0,0,0,0
977,2018-02-16,3,venerdì,32,0,sole,0,0,0,0,0,0,0,0
978,2018-02-17,4,sabato,43,0,pioggia ,1,0,1,0,0,0,0,0
979,2018-02-18,5,domenica,39,0,pioggia nebbia ,0,0,0,0,1,0,1,1
980,2018-02-20,4,martedì,16,0,sole,0,0,0,0,0,0,0,0
981,2018-02-21,4,mercoledì,21,0,sole,0,0,0,0,0,0,0,0
982,2018-02-22,4,giovedì,26,0,pioggia ,0,0,0,0,0,0,0,0
983,2018-02-23,5,venerdì,24,0,pioggia ,0,0,0,0,0,0,0,0
984,2018-02-24,6,sabato,39,0,pioggia ,0,0,1,0,0,0,0,0
985,2018-02-25,2,domenica,38,0,sole,1,0,0,0,0,1,1,0
986,2018-02-27,-3,martedì,25,0,sole,0,0,0,0,0,0,0,0
987,2018-02-28,-3,mercoledì,19,0,sole,0,0,0,0,0,0,0,0
988,2018-03-02,-1,venerdì,38,0,pioggia neve ,0,0,1,0,0,0,0,0
989,2018-03-03,1,sabato,51,0,pioggia neve nebbia ,0,0,0,0,1,1,0,1
990,2018-03-04,2,domenica,40,0,nebbia ,0,0,0,0,0,0,0,0
991,2018-03-06,6,martedì,23,0,pioggia nebbia ,0,0,0,0,0,0,0,0
992,2018-03-07,7,mercoledì,25,0,pioggia nebbia ,0,0,0,0,0,0,0,0
993,2018-03-08,8,giovedì,32,0,sole,0,0,0,0,0,0,0,0
994,2018-03-09,9,venerdì,28,0,sole,0,0,0,0,0,0,0,0
995,2018-03-10,9,sabato,56,0,pioggia ,0,0,0,0,0,0,0,0
996,2018-03-11,9,domenica,31,0,pioggia ,0,0,1,0,1,0,0,0
997,2018-03-13,10,martedì,27,0,pioggia temporale nebbia ,0,0,0,0,0,0,0,0
998,2018-03-14,9,mercoledì,21,0,nebbia ,0,0,0,0,1,0,0,0
999,2018-03-15,8,giovedì,24,0,pioggia nebbia ,0,0,0,0,0,0,0,0
1000,2018-03-16,10,venerdì,33,0,pioggia ,0,0,0,0,0,0,0,0
1001,2018-03-17,9,sabato,51,0,pioggia ,0,0,0,0,1,0,0,0
1002,2018-03-18,8,domenica,38,0,pioggia ,1,0,1,0,0,1,1,1
1003,2018-03-20,6,martedì,16,0,pioggia nebbia ,0,0,0,0,0,0,0,0
1004,2018-03-21,6,mercoledì,25,0,sole,0,0,0,0,0,0,0,0
1005,2018-03-22,5,giovedì,28,0,sole,0,0,0,0,0,0,0,0
1006,2018-03-23,6,venerdì,31,0,sole,0,0,0,0,0,0,0,0
1007,2018-03-24,8,sabato,45,0,sole,0,0,0,0,0,0,0,0
1008,2018-03-25,9,domenica,29,Domenica delle Palme,sole,0,0,0,0,0,0,0,0
1009,2018-03-27,12,martedì,22,0,sole,0,0,0,0,0,0,0,0
1010,2018-03-28,13,mercoledì,21,0,sole,0,0,0,0,0,0,0,0
1011,2018-03-29,12,giovedì,28,0,pioggia ,0,0,0,0,0,0,0,0
1012,2018-03-30,13,venerdì,19,0,pioggia temporale ,0,0,0,0,0,0,0,0
1013,2018-03-31,10,sabato,31,0,pioggia ,1,0,1,0,1,1,1,1
1014,2018-04-03,12,martedì,21,0,sole,0,0,0,0,0,0,0,0
1015,2018-04-04,11,mercoledì,20,0,sole,1,0,1,0,0,0,1,0
1016,2018-04-05,13,giovedì,13,0,sole,0,0,0,0,0,0,0,0
1017,2018-04-06,13,venerdì,28,0,sole,0,0,0,0,0,0,0,0
1018,2018-04-07,14,sabato,42,0,sole,0,0,0,0,0,0,0,0
1019,2018-04-08,14,domenica,39,0,sole,0,0,0,0,0,0,0,0
1020,2018-04-10,13,martedì,29,0,sole,0,0,0,0,0,0,0,0
1021,2018-04-11,11,mercoledì,27,0,sole,1,0,0,0,0,1,1,0
1022,2018-04-12,14,giovedì,31,0,sole,0,0,0,0,0,0,0,0
1023,2018-04-13,13,venerdì,30,0,sole,0,0,0,0,0,0,0,0
1024,2018-04-14,16,sabato,30,0,sole,1,0,1,0,0,0,0,0
1025,2018-04-15,15,domenica,39,0,sole,0,0,0,0,1,1,1,1
1026,2018-04-17,18,martedì,21,0,sole,0,0,1,0,0,0,0,0
1027,2018-04-18,19,mercoledì,17,0,sole,1,0,0,0,1,1,1,1
1028,2018-04-19,21,giovedì,32,0,sole,0,0,0,0,0,0,0,0
1029,2018-04-20,20,venerdì,28,0,sole,0,0,0,0,0,0,0,0
1030,2018-04-21,20,sabato,32,0,sole,0,0,0,0,0,0,1,0
1031,2018-04-22,20,domenica,30,0,sole,1,0,1,0,1,1,0,1
1032,2018-04-24,19,martedì,24,0,sole,0,0,0,0,0,0,0,0
1033,2018-04-25,20,mercoledì,33,Anniversario della Liberazione,sole,0,0,0,0,0,0,0,0
1034,2018-04-26,20,giovedì,22,0,sole,0,0,0,0,0,0,0,0
1035,2018-04-27,19,venerdì,17,0,sole,0,0,0,0,0,0,0,0
1036,2018-04-28,19,sabato,34,0,sole,1,0,1,0,1,0,0,0
1037,2018-04-29,20,domenica,43,0,sole,0,0,0,0,0,1,1,1
1038,2018-04-30,18,lunedì,24,0,sole,0,0,0,0,0,0,0,0
1039,2018-05-01,15,martedì,34,Festa dei Lavoratori,pioggia ,1,0,1,0,0,0,0,0
1040,2018-05-02,14,mercoledì,27,0,pioggia ,0,0,0,0,0,1,0,0
1041,2018-05-03,17,giovedì,17,0,pioggia temporale ,0,0,0,0,0,0,0,0
1042,2018-05-04,18,venerdì,28,0,pioggia temporale ,0,0,0,0,0,0,0,0
1043,2018-05-05,19,sabato,47,0,sole,0,0,0,0,1,0,1,0
1044,2018-05-06,21,domenica,46,0,pioggia temporale ,0,0,0,0,0,0,0,0
1045,2018-05-08,20,martedì,29,0,pioggia temporale ,0,0,0,0,0,0,0,0
1046,2018-05-09,18,mercoledì,30,0,pioggia temporale ,0,0,0,0,0,0,0,0
1047,2018-05-10,18,giovedì,32,0,pioggia ,0,0,0,0,0,0,0,0
1048,2018-05-11,18,venerdì,44,0,pioggia temporale ,0,0,0,0,0,0,0,0
1049,2018-05-12,21,sabato,33,0,sole,0,0,0,0,0,0,0,0
1050,2018-05-13,19,domenica,40,Festa della Mamma,pioggia temporale ,1,0,0,0,1,1,1,1
1051,2018-05-15,13,martedì,26,0,pioggia ,0,0,0,0,0,0,0,0
1052,2018-05-16,15,mercoledì,26,0,sole,0,0,0,0,0,0,0,0
1053,2018-05-17,16,giovedì,36,0,pioggia temporale ,0,0,0,0,0,0,0,0
1054,2018-05-18,18,venerdì,25,0,pioggia temporale ,0,0,0,0,0,0,0,0
1055,2018-05-19,20,sabato,34,0,sole,0,0,0,0,1,0,0,0
1056,2018-05-20,20,domenica,40,Pentecoste,sole,1,0,1,0,0,1,1,1
1057,2018-05-22,17,martedì,30,0,pioggia ,0,0,0,0,0,0,0,0
1058,2018-05-23,18,mercoledì,31,0,pioggia temporale nebbia ,0,0,0,0,0,0,0,0
1059,2018-05-24,22,giovedì,20,0,sole,0,0,0,0,0,0,0,0
1060,2018-05-25,23,venerdì,39,0,sole,0,0,0,0,0,0,0,0
1061,2018-05-26,24,sabato,37,0,sole,0,0,0,0,0,0,0,0
1062,2018-05-27,24,domenica,45,0,pioggia temporale ,0,0,0,0,0,0,0,0
1063,2018-05-29,23,martedì,30,0,pioggia temporale ,0,0,0,0,0,0,0,0
1064,2018-05-30,23,mercoledì,30,0,pioggia ,0,0,0,0,0,0,0,0
1065,2018-05-31,23,giovedì,28,0,pioggia temporale ,0,0,0,0,0,0,0,0
1066,2018-06-01,25,venerdì,23,0,sole,0,0,0,0,1,1,1,1
1067,2018-06-02,23,sabato,34,Festa della Repubblica,sole,0,0,0,0,0,0,0,0
1068,2018-06-03,24,domenica,42,0,sole,0,0,0,0,0,0,0,0
1069,2018-06-05,23,martedì,24,0,sole,1,0,1,0,0,1,0,1
1070,2018-06-06,23,mercoledì,30,0,sole,0,0,0,0,0,0,0,0
1071,2018-06-07,23,giovedì,32,0,sole,0,0,0,0,0,0,0,0
1072,2018-06-08,21,venerdì,22,0,sole,0,0,0,0,0,0,0,0
1073,2018-06-09,23,sabato,34,0,sole,0,0,0,0,0,0,0,0
1074,2018-06-10,25,domenica,33,0,sole,0,0,0,0,1,0,0,0
1075,2018-06-12,23,martedì,33,0,sole,0,0,0,0,0,0,0,0
1076,2018-06-13,22,mercoledì,18,0,sole,0,0,0,0,0,0,0,0
1077,2018-06-14,23,giovedì,34,0,sole,0,0,0,0,0,0,0,0
1078,2018-06-15,22,venerdì,22,0,sole,0,0,0,0,0,0,0,0
1079,2018-06-16,23,sabato,29,0,sole,0,0,0,0,0,0,0,0
1080,2018-06-17,25,domenica,43,0,sole,0,0,0,0,0,0,0,0
1081,2018-06-19,25,martedì,25,0,sole,0,0,0,0,0,0,0,0
1082,2018-06-20,26,mercoledì,25,0,sole,0,0,0,0,0,0,0,0
1083,2018-06-21,26,giovedì,26,0,sole,0,0,0,0,0,0,0,0
1084,2018-06-22,22,venerdì,26,0,sole,0,0,0,0,0,0,0,0
1085,2018-06-23,21,sabato,32,0,sole,0,0,0,0,0,0,0,0
1086,2018-06-24,21,domenica,39,0,sole,0,0,0,0,0,0,0,0
1087,2018-06-26,22,martedì,29,0,sole,0,0,0,0,0,0,0,0
1088,2018-06-27,21,mercoledì,24,0,sole,0,0,0,0,0,0,0,0
1089,2018-06-28,22,giovedì,23,0,sole,0,0,0,0,0,0,0,0
1090,2018-06-29,25,venerdì,26,0,sole,0,0,0,0,0,0,0,0
1091,2018-06-30,26,sabato,22,0,sole,0,0,0,0,0,0,0,0
1092,2018-07-01,25,domenica,42,0,sole,0,0,0,0,0,0,0,0
1093,2018-07-03,25,martedì,30,0,sole,0,0,0,0,0,0,0,0
1094,2018-07-04,24,mercoledì,25,0,sole,0,0,0,0,1,0,0,0
1095,2018-07-05,26,giovedì,27,0,sole,0,0,0,0,0,0,0,0
1096,2018-07-06,23,venerdì,34,0,sole,0,0,0,0,0,0,0,0
1097,2018-07-07,25,sabato,39,0,sole,0,0,0,0,0,0,0,0
1098,2018-07-08,25,domenica,31,0,sole,0,0,0,0,0,0,0,0
1099,2018-07-10,26,martedì,26,0,sole,1,0,1,0,0,1,1,1
1100,2018-07-11,21,mercoledì,30,0,sole,0,0,0,0,0,0,0,0
1101,2018-07-12,24,giovedì,24,0,sole,0,0,1,0,1,0,0,0
1102,2018-07-13,25,venerdì,26,0,sole,0,0,0,0,0,0,0,0
1103,2018-07-14,27,sabato,34,0,sole,0,0,0,0,0,0,0,0
1104,2018-07-15,26,domenica,47,0,sole,0,0,0,0,0,0,0,0
1105,2018-07-17,24,martedì,27,0,sole,0,0,0,0,0,0,0,0
1106,2018-07-18,26,mercoledì,27,0,sole,0,0,0,0,0,0,0,0
1107,2018-07-19,26,giovedì,25,0,sole,0,0,0,0,0,0,0,0
1108,2018-07-20,26,venerdì,24,0,sole,0,0,0,0,0,0,0,0
1109,2018-07-21,23,sabato,31,0,sole,0,0,0,0,0,0,0,0
1110,2018-07-22,25,domenica,35,0,sole,0,0,0,0,0,0,0,0
1111,2018-07-24,26,martedì,23,0,sole,0,0,0,0,0,0,0,0
1112,2018-07-25,27,mercoledì,24,0,sole,0,0,0,0,0,0,0,0
1113,2018-07-26,25,giovedì,28,0,sole,0,0,0,0,0,0,0,0
1114,2018-07-27,26,venerdì,25,0,sole,0,0,0,0,0,0,0,0
1115,2018-07-28,27,sabato,30,0,sole,0,0,0,0,0,0,0,0
1116,2018-07-29,27,domenica,40,0,sole,0,0,0,0,0,0,0,0
1117,2018-07-31,29,martedì,32,0,sole,0,0,0,0,0,0,0,0
1118,2018-08-01,30,mercoledì,27,0,sole,0,0,0,0,0,0,0,0
1119,2018-08-02,27,giovedì,31,0,sole,0,0,0,0,0,0,0,0
1120,2018-08-03,28,venerdì,27,0,sole,0,0,0,0,0,0,0,0
1121,2018-08-04,28,sabato,32,0,sole,1,0,1,0,0,1,1,1
1122,2018-08-05,29,domenica,37,0,sole,0,0,0,0,0,0,0,0
1123,2018-08-07,28,martedì,25,0,sole,0,0,0,0,0,0,0,0
1124,2018-08-08,27,mercoledì,26,0,sole,0,0,0,0,0,0,0,0
1125,2018-08-09,27,giovedì,31,0,sole,0,0,0,0,0,0,0,0
1126,2018-08-10,25,venerdì,24,0,sole,0,0,0,0,0,0,0,0
1127,2018-08-11,27,sabato,22,0,sole,0,0,0,0,0,0,0,0
1128,2018-08-12,27,domenica,30,0,sole,0,0,0,0,0,1,0,1
1129,2018-08-14,21,martedì,26,0,sole,0,0,0,0,0,0,0,0
1130,2018-08-16,25,giovedì,21,0,sole,0,0,0,0,0,0,0,0
1131,2018-08-17,25,venerdì,25,0,sole,0,0,0,0,0,0,0,0
1132,2018-08-18,26,sabato,17,0,sole,1,0,0,0,1,1,0,1
1133,2018-08-19,28,domenica,27,0,sole,0,0,1,0,0,0,0,0
1134,2018-08-21,28,martedì,31,0,sole,0,0,0,0,0,0,0,0
1135,2018-08-22,27,mercoledì,22,0,sole,0,0,0,0,0,0,0,0
1136,2018-08-23,27,giovedì,22,0,sole,0,0,0,0,0,0,0,0
1137,2018-08-24,26,venerdì,30,0,sole,0,0,0,0,0,0,0,0
1138,2018-08-25,21,sabato,38,0,sole,0,0,0,0,1,1,1,1
1139,2018-08-26,19,domenica,39,0,sole,1,0,1,0,0,0,0,0
1140,2018-08-28,21,martedì,27,0,sole,0,0,0,0,0,0,0,0
1141,2018-08-29,23,mercoledì,29,0,sole,0,0,0,0,0,0,0,0
1142,2018-08-30,24,giovedì,21,0,sole,0,0,0,0,0,0,0,0
1143,2018-08-31,22,venerdì,33,0,sole,0,0,0,0,0,0,1,0
1144,2018-09-01,19,sabato,41,0,pioggia temporale ,0,0,0,0,0,0,0,0
1145,2018-09-02,18,domenica,42,0,pioggia ,0,0,0,0,1,0,0,0
1146,2018-09-04,20,martedì,25,0,sole,0,0,0,0,0,0,0,0
1147,2018-09-05,21,mercoledì,31,0,sole,0,0,0,0,0,0,0,0
1148,2018-09-06,22,giovedì,29,0,pioggia temporale ,0,0,0,0,0,0,0,0
1149,2018-09-07,21,venerdì,32,0,pioggia temporale ,0,0,0,0,0,0,0,0
1150,2018-09-08,22,sabato,36,0,sole,0,0,0,0,0,0,0,0
1151,2018-09-09,22,domenica,35,0,sole,0,0,0,0,0,0,0,0
1152,2018-09-11,23,martedì,25,0,sole,0,0,0,0,0,0,0,0
1153,2018-09-12,25,mercoledì,24,0,sole,1,0,0,0,0,0,1,0
1154,2018-09-13,24,giovedì,35,0,sole,0,0,0,0,0,0,0,0
1155,2018-09-14,23,venerdì,27,0,sole,0,0,0,0,0,0,0,0
1156,2018-09-15,23,sabato,35,0,pioggia temporale ,0,0,1,0,0,0,0,1
1157,2018-09-16,22,domenica,40,0,sole,1,0,0,0,1,1,1,0
1158,2018-09-18,22,martedì,26,0,sole,0,0,0,0,0,0,0,0
1159,2018-09-19,22,mercoledì,37,0,sole,0,0,0,0,0,0,0,0
1160,2018-09-20,23,giovedì,26,0,sole,0,0,0,0,0,0,0,0
1161,2018-09-21,23,venerdì,37,0,sole,0,0,0,0,0,0,0,0
1162,2018-09-22,22,sabato,39,0,sole,0,0,1,0,0,0,0,0
1163,2018-09-23,21,domenica,40,0,sole,1,0,0,0,1,1,1,1
1164,2018-09-25,16,martedì,31,0,sole,0,0,1,0,0,0,0,0
1165,2018-09-26,14,mercoledì,29,0,sole,1,0,0,0,1,1,0,1
1166,2018-09-27,14,giovedì,33,0,sole,0,0,0,0,0,0,1,0
1167,2018-09-28,17,venerdì,40,0,sole,0,0,0,0,0,0,0,0
1168,2018-09-29,20,sabato,36,0,sole,0,0,1,0,1,1,0,1
1169,2018-09-30,17,domenica,46,0,sole,1,0,0,0,0,0,1,0
1170,2018-10-02,14,martedì,24,0,pioggia ,0,0,0,0,0,1,1,1
1171,2018-10-03,14,mercoledì,27,0,sole,1,0,0,0,0,0,0,0
1172,2018-10-04,16,giovedì,27,0,sole,0,0,0,0,0,0,0,0
1173,2018-10-05,16,venerdì,43,0,pioggia ,0,0,0,0,0,0,0,0
1174,2018-10-06,16,sabato,51,0,pioggia ,0,0,0,0,0,0,0,0
1175,2018-10-07,17,domenica,50,0,pioggia nebbia ,0,0,0,0,0,0,0,0
1176,2018-10-09,18,martedì,26,0,sole,0,0,0,0,0,0,0,0
1177,2018-10-10,18,mercoledì,26,0,sole,0,0,0,0,0,0,0,0
1178,2018-10-11,18,giovedì,26,0,sole,0,0,0,0,0,0,0,1
1179,2018-10-12,18,venerdì,40,0,sole,0,0,0,0,0,0,0,0
1180,2018-10-13,17,sabato,37,0,sole,0,0,0,0,0,0,0,0
1181,2018-10-14,17,domenica,37,0,sole,0,0,0,0,0,0,0,0
1182,2018-10-16,16,martedì,30,0,sole,0,0,0,0,0,0,0,0
1183,2018-10-17,17,mercoledì,24,0,pioggia ,0,0,0,0,0,0,0,0
1184,2018-10-18,18,giovedì,25,0,sole,0,0,0,0,0,0,0,0
1185,2018-10-19,17,venerdì,42,0,sole,0,0,0,0,0,0,0,0
1186,2018-10-20,16,sabato,37,0,sole,0,0,0,0,1,0,0,1
1187,2018-10-21,14,domenica,47,0,pioggia ,1,0,1,0,0,1,1,0
1188,2018-10-23,13,martedì,20,0,sole,0,0,0,0,0,0,0,0
1189,2018-10-24,14,mercoledì,27,0,sole,0,0,0,0,0,0,0,0
1190,2018-10-25,15,giovedì,35,0,sole,0,0,0,0,0,0,0,0
1191,2018-10-26,15,venerdì,38,0,pioggia ,0,0,0,0,0,0,0,0
1192,2018-10-27,15,sabato,51,0,pioggia ,0,0,0,0,1,0,0,0
1193,2018-10-28,16,domenica,52,0,pioggia temporale nebbia ,1,0,0,0,0,0,1,1
1194,2018-10-30,13,martedì,24,0,pioggia ,0,0,0,0,0,0,0,0
1195,2018-10-31,13,mercoledì,22,0,sole,0,0,0,0,0,0,1,0
1196,2018-11-01,15,giovedì,46,Ognissanti,pioggia ,0,0,0,0,0,0,0,0
1197,2018-11-02,13,venerdì,34,Giorno dei Morti,pioggia ,1,0,1,0,0,0,0,0
1198,2018-11-03,15,sabato,51,0,sole,0,0,1,0,1,1,1,1
1199,2018-11-04,16,domenica,43,0,pioggia nebbia ,0,0,0,0,0,0,0,0
1200,2018-11-06,16,martedì,31,0,pioggia ,0,0,0,0,0,0,0,0
1201,2018-11-07,15,mercoledì,26,0,pioggia ,0,0,0,0,0,0,0,0
1202,2018-11-08,14,giovedì,35,0,nebbia ,0,0,0,0,0,0,0,0
1203,2018-11-09,12,venerdì,33,0,nebbia ,0,0,0,0,0,0,0,0
1204,2018-11-10,12,sabato,51,0,pioggia nebbia ,0,0,0,0,0,0,0,0
1205,2018-11-11,13,domenica,42,0,pioggia ,1,0,1,0,1,1,1,0
1206,2018-11-13,14,martedì,33,0,nebbia ,0,0,0,0,0,0,0,0
1207,2018-11-14,12,mercoledì,27,0,nebbia ,0,0,0,0,0,0,0,0
1208,2018-11-15,10,giovedì,37,0,nebbia ,0,0,0,0,0,0,0,0
1209,2018-11-16,9,venerdì,40,0,sole,0,0,0,0,0,0,0,0
1210,2018-11-17,8,sabato,45,0,sole,0,0,0,0,0,0,0,0
1211,2018-11-18,6,domenica,45,0,sole,0,0,0,0,0,0,0,0
1212,2018-11-20,5,martedì,24,0,pioggia ,0,0,0,0,0,0,0,0
1213,2018-11-21,6,mercoledì,17,0,sole,0,0,0,0,0,0,0,0
1214,2018-11-22,8,giovedì,35,0,sole,0,0,0,0,0,0,0,0
1215,2018-11-23,8,venerdì,36,0,pioggia nebbia ,0,0,0,0,0,0,0,0
1216,2018-11-24,10,sabato,40,0,pioggia nebbia ,0,0,1,0,1,0,0,0
1217,2018-11-25,10,domenica,42,0,pioggia ,1,0,0,0,0,1,1,1
1218,2018-11-27,10,martedì,33,0,pioggia ,0,0,0,0,0,0,0,0
1219,2018-11-28,7,mercoledì,23,0,sole,0,0,0,0,0,0,0,0
1220,2018-11-29,4,giovedì,27,0,sole,0,0,0,0,0,0,0,0
1221,2018-11-30,2,venerdì,40,0,sole,0,0,0,0,0,0,0,0
1222,2018-12-01,3,sabato,43,0,nebbia ,0,0,0,0,0,0,0,0
1223,2018-12-02,2,domenica,38,0,nebbia ,0,0,0,0,0,0,0,0
1224,2018-12-04,5,martedì,24,0,nebbia ,0,0,0,0,0,0,0,0
1225,2018-12-05,6,mercoledì,22,0,nebbia ,0,0,1,0,0,0,0,0
1226,2018-12-06,6,giovedì,34,0,pioggia nebbia ,0,0,0,0,0,0,0,0
1227,2018-12-07,3,venerdì,37,0,pioggia nebbia ,0,0,0,0,0,0,0,0
1228,2018-12-08,8,sabato,43,Immacolata Concezione,pioggia nebbia ,0,0,0,0,0,0,0,0
1229,2018-12-09,5,domenica,46,0,nebbia ,0,0,0,0,0,0,0,0
1230,2018-12-11,5,martedì,26,0,sole,0,0,0,0,0,0,0,0
1231,2018-12-12,0,mercoledì,30,0,sole,0,0,0,0,0,0,0,0
1232,2018-12-13,-1,giovedì,31,0,sole,0,0,0,0,0,0,0,0
1233,2018-12-14,-2,venerdì,38,0,sole,0,0,0,0,0,0,0,0
1234,2018-12-15,-3,sabato,52,0,sole,0,0,1,0,1,0,0,0
1235,2018-12-16,-1,domenica,42,0,neve ,1,0,0,0,0,0,0,1
1236,2018-12-18,-2,martedì,27,0,nebbia ,0,0,0,0,0,0,1,0
1237,2018-12-19,1,mercoledì,32,0,pioggia nebbia ,0,0,0,0,0,0,0,0
1238,2018-12-20,4,giovedì,29,0,nebbia ,0,0,0,0,0,0,0,0
1239,2018-12-21,1,venerdì,33,0,nebbia ,0,0,0,0,0,0,0,0
1240,2018-12-22,3,sabato,41,0,nebbia ,1,0,1,0,1,1,1,1
1241,2018-12-23,0,domenica,42,0,nebbia ,0,0,0,0,0,0,0,0
1242,2018-12-26,0,mercoledì,19,Santo Stefano,nebbia ,1,0,1,0,1,1,1,1
1243,2018-12-27,0,giovedì,23,0,nebbia ,0,0,0,0,0,0,0,0
1244,2018-12-28,1,venerdì,29,0,nebbia ,0,0,0,0,0,0,0,0
1245,2018-12-29,2,sabato,32,0,nebbia ,1,0,1,0,1,1,1,1
1246,2018-12-30,4,domenica,22,0,sole,0,0,0,0,0,0,0,0
1247,2018-12-31,2,lunedì,6,Ultimo dell'Anno,nebbia ,0,0,0,0,0,0,0,0
1248,2019-01-02,2,mercoledì,23,0,nebbia ,0,0,0,0,0,0,0,0
1249,2019-01-03,3,giovedì,22,0,sole,0,0,1,0,0,0,0,0
1250,2019-01-04,-1,venerdì,27,0,sole,0,0,0,0,0,0,0,0
1251,2019-01-05,-1,sabato,45,0,sole,0,0,0,0,0,0,0,0
1252,2019-01-06,1,domenica,34,Epifania,sole,0,0,0,0,0,0,0,0
1253,2019-01-08,1,martedì,29,0,nebbia ,0,0,0,0,0,0,0,0
1254,2019-01-09,1,mercoledì,25,0,nebbia ,0,0,1,0,0,1,0,0
1255,2019-01-10,6,giovedì,32,0,sole,0,0,0,0,0,0,0,0
1256,2019-01-11,1,venerdì,32,0,sole,1,0,0,0,0,0,0,0
1257,2019-01-12,0,sabato,55,0,sole,1,0,1,0,1,1,1,1
1258,2019-01-13,1,domenica,33,0,sole,0,0,0,0,0,0,0,0
1259,2019-01-15,4,martedì,25,0,sole,0,0,0,0,0,0,0,0
1260,2019-01-16,3,mercoledì,31,0,sole,0,0,0,0,0,0,0,0
1261,2019-01-17,5,giovedì,22,0,pioggia ,0,0,0,0,0,0,0,0
1262,2019-01-18,6,venerdì,48,0,pioggia ,0,0,0,0,0,0,0,0
1263,2019-01-19,4,sabato,48,0,sole,0,0,1,0,0,0,0,0
1264,2019-01-20,1,domenica,44,0,sole,0,0,0,0,0,1,0,1
1265,2019-01-22,2,martedì,26,0,sole,0,0,0,0,0,0,0,0
1266,2019-01-24,3,giovedì,29,0,sole,0,0,0,0,0,0,0,0
1267,2019-01-25,1,venerdì,21,0,sole,0,0,0,0,0,0,0,0
1268,2019-01-26,-2,sabato,50,0,nebbia ,0,0,0,0,0,0,1,1
1269,2019-01-27,1,domenica,41,0,pioggia ,1,0,1,0,1,1,0,0
1270,2019-01-29,2,martedì,32,0,nebbia ,0,0,0,0,0,0,0,0
1271,2019-01-30,3,mercoledì,30,0,pioggia ,0,0,0,0,0,0,0,0
1272,2019-01-31,3,giovedì,29,0,pioggia nebbia ,0,0,0,0,0,0,0,0
1273,2019-02-01,3,venerdì,49,0,pioggia neve ,0,0,0,0,0,0,0,0
1274,2019-02-02,4,sabato,61,0,pioggia nebbia ,1,0,0,0,1,0,0,1
1275,2019-02-03,5,domenica,59,0,pioggia ,0,0,0,0,0,1,1,0
1276,2019-02-05,5,martedì,27,0,sole,0,0,0,0,0,0,0,0
1277,2019-02-06,6,mercoledì,29,0,sole,0,0,0,0,0,0,0,0
1278,2019-02-07,4,giovedì,33,0,sole,0,0,0,0,0,0,0,0
1279,2019-02-08,6,venerdì,38,0,sole,0,0,0,0,0,0,0,0
1280,2019-02-09,6,sabato,45,0,sole,0,0,0,0,0,0,0,0
1281,2019-02-10,7,domenica,52,0,pioggia ,0,0,0,0,0,0,0,0
1282,2019-02-12,7,martedì,20,0,sole,0,0,0,0,0,0,0,0
1283,2019-02-13,6,mercoledì,30,0,sole,0,0,0,0,0,0,0,0
1284,2019-02-14,6,giovedì,31,San Valentino,sole,0,0,0,0,0,0,0,0
1285,2019-02-15,6,venerdì,42,0,sole,0,0,0,0,1,0,0,0
1286,2019-02-16,7,sabato,49,0,sole,0,0,0,0,0,0,1,0
1287,2019-02-17,7,domenica,47,0,sole,1,0,1,0,0,1,0,1
1288,2019-02-19,6,martedì,33,0,nebbia ,0,0,0,0,0,0,0,0
1289,2019-02-20,5,mercoledì,37,0,nebbia ,0,0,0,0,0,0,0,0
1290,2019-02-21,6,giovedì,26,0,nebbia ,0,0,0,0,0,0,0,0
1291,2019-02-22,8,venerdì,41,0,sole,0,0,0,0,0,0,1,0
1292,2019-02-23,6,sabato,42,0,sole,0,0,0,0,0,0,0,0
1293,2019-02-24,3,domenica,42,0,sole,1,0,1,0,1,0,0,1
1294,2019-02-26,9,martedì,26,0,sole,0,0,0,0,0,0,0,0
1295,2019-02-27,11,mercoledì,23,0,sole,0,0,0,0,0,0,0,0
1296,2019-02-28,10,giovedì,36,Giovedì Grasso,sole,0,0,0,0,0,0,0,0
1297,2019-03-01,8,venerdì,27,0,sole,0,0,0,0,0,0,0,0
1298,2019-03-02,9,sabato,58,0,sole,0,0,1,0,0,0,1,0
1299,2019-03-03,10,domenica,44,Carnevale,sole,1,0,0,0,1,0,0,1
1300,2019-03-05,8,martedì,35,Martedì Grasso,sole,0,0,0,0,1,0,0,0
1301,2019-03-06,9,mercoledì,34,0,sole,0,0,0,0,0,0,0,0
1302,2019-03-07,13,giovedì,24,0,sole,0,0,0,0,0,0,0,0
1303,2019-03-08,11,venerdì,24,0,sole,0,0,0,0,0,0,0,0
1304,2019-03-09,10,sabato,45,0,sole,0,0,0,0,0,0,0,0
1305,2019-03-10,10,domenica,45,0,sole,0,0,0,0,0,0,0,0
1306,2019-03-12,9,martedì,35,0,sole,0,0,0,0,0,0,0,0
1307,2019-03-13,5,mercoledì,28,0,sole,0,0,0,0,0,0,0,0
1308,2019-03-14,7,giovedì,28,0,sole,0,0,0,0,0,0,0,0
1309,2019-03-15,10,venerdì,25,0,sole,0,0,0,0,0,0,0,0
1310,2019-03-16,11,sabato,44,0,sole,0,0,0,0,0,0,0,0
1311,2019-03-17,11,domenica,47,0,sole,1,0,1,0,1,1,1,1
1312,2019-03-19,7,martedì,25,Festa di San Giuseppe,sole,0,0,0,0,0,0,0,0
1313,2019-03-20,8,mercoledì,27,0,sole,0,0,0,0,0,0,0,0
1314,2019-03-21,10,giovedì,32,0,sole,0,0,0,0,0,0,0,0
1315,2019-03-22,11,venerdì,31,0,sole,0,0,0,0,0,0,0,0
1316,2019-03-23,14,sabato,47,0,sole,0,0,0,0,0,0,0,0
1317,2019-03-24,15,domenica,39,0,sole,0,0,0,0,0,0,0,0
1318,2019-03-26,10,martedì,23,0,sole,0,0,0,0,0,0,0,0
1319,2019-03-27,10,mercoledì,28,0,sole,0,0,0,0,0,0,0,0
1320,2019-03-28,10,giovedì,35,0,sole,0,0,0,0,0,0,0,0
1321,2019-03-29,11,venerdì,33,0,sole,1,0,0,0,0,0,0,0
1322,2019-03-30,13,sabato,58,0,sole,0,0,0,0,1,0,1,0
1323,2019-03-31,14,domenica,45,0,sole,0,0,1,0,0,1,0,1
1324,2019-04-02,16,martedì,26,0,sole,0,0,0,0,0,1,0,0
1325,2019-04-03,14,mercoledì,22,0,sole,0,0,0,0,0,0,0,0
1326,2019-04-04,12,giovedì,33,0,sole,1,0,0,0,0,0,0,0
1327,2019-04-05,11,venerdì,30,0,sole,1,0,1,0,0,0,0,0
1328,2019-04-06,12,sabato,49,0,sole,0,0,0,0,0,0,0,0
1329,2019-04-07,11,domenica,36,0,sole,0,0,0,0,0,0,0,0
1330,2019-04-08,12,lunedì,1,0,sole,0,0,0,0,0,0,0,0
1331,2019-04-09,14,martedì,20,0,sole,0,0,0,0,0,0,0,0
1332,2019-04-10,14,mercoledì,28,0,sole,0,0,0,0,0,0,0,0
1333,2019-04-11,12,giovedì,34,0,sole,0,0,0,0,0,0,0,0
1334,2019-04-12,12,venerdì,26,0,sole,0,0,0,0,0,0,0,0
1335,2019-04-13,11,sabato,49,0,sole,0,0,0,0,1,1,1,0
1336,2019-04-14,10,domenica,55,Domenica delle Palme,sole,1,0,1,0,0,0,0,1
1337,2019-04-16,13,martedì,33,0,sole,0,0,0,0,0,0,0,0
1338,2019-04-17,14,mercoledì,30,0,sole,0,0,0,0,0,1,0,0
1339,2019-04-18,15,giovedì,30,0,sole,0,0,0,0,0,0,0,0
1340,2019-04-19,16,venerdì,29,0,sole,0,0,0,0,0,0,0,0
1341,2019-04-20,16,sabato,33,0,sole,1,0,1,0,1,1,1,0
1342,2019-04-23,13,martedì,26,0,sole,0,0,0,0,0,0,0,0
1343,2019-04-24,17,mercoledì,26,0,sole,0,0,0,0,0,0,0,0
1344,2019-04-25,15,giovedì,36,Anniversario della Liberazione,sole,0,0,0,0,0,0,0,0
1345,2019-04-26,16,venerdì,28,0,sole,0,0,0,0,0,0,0,0
1346,2019-04-27,15,sabato,33,0,sole,0,0,1,0,1,0,0,0
1347,2019-04-28,12,domenica,38,0,sole,1,0,0,0,0,1,1,1
1348,2019-04-30,15,martedì,31,0,sole,0,0,0,0,0,0,0,0
1349,2019-05-01,17,mercoledì,30,Festa dei Lavoratori,sole,0,0,0,0,0,0,0,0
1350,2019-05-02,16,giovedì,22,0,sole,0,0,0,0,0,0,0,0
1351,2019-05-03,15,venerdì,38,0,sole,0,0,0,0,0,0,0,0
1352,2019-05-04,14,sabato,34,0,sole,0,0,0,0,0,0,0,0
1353,2019-05-05,9,domenica,42,0,sole,0,0,0,0,0,1,0,1
1354,2019-05-07,13,martedì,33,0,sole,0,0,0,0,0,0,0,0
1355,2019-05-08,12,mercoledì,31,0,sole,0,0,0,0,0,0,0,0
1356,2019-05-09,14,giovedì,27,0,sole,0,0,0,0,0,0,0,0
1357,2019-05-10,16,venerdì,40,0,sole,1,0,0,0,0,0,1,0
1358,2019-05-11,15,sabato,46,0,sole,0,0,0,0,0,0,0,0
1359,2019-05-12,12,domenica,44,Festa della Mamma,sole,0,0,0,0,0,0,0,0
1360,2019-05-14,13,martedì,24,0,sole,0,0,0,0,0,0,0,0
1361,2019-05-15,9,mercoledì,21,0,sole,0,0,0,0,0,0,0,0
1362,2019-05-16,14,giovedì,24,0,sole,0,0,0,0,0,0,0,0
1363,2019-05-17,16,venerdì,34,0,sole,0,0,0,0,0,0,0,0
1364,2019-05-18,14,sabato,49,0,sole,0,0,0,0,0,0,0,0
1365,2019-05-19,14,domenica,34,0,sole,1,0,1,0,1,0,1,1
1366,2019-05-21,16,martedì,32,0,sole,0,0,0,0,0,0,0,0
1367,2019-05-22,18,mercoledì,30,0,sole,0,0,0,0,0,0,0,0
1368,2019-05-23,19,giovedì,34,0,sole,0,0,0,0,0,0,0,0
1369,2019-05-24,19,venerdì,39,0,sole,0,0,0,0,0,0,0,0
1370,2019-05-25,18,sabato,39,0,sole,1,0,0,0,0,0,0,1
1371,2019-05-26,19,domenica,45,0,sole,0,0,1,0,1,1,1,0
1372,2019-05-28,17,martedì,28,0,sole,0,0,0,0,0,0,0,0
1373,2019-05-30,17,giovedì,33,0,sole,0,0,0,0,0,0,0,0
1374,2019-05-31,18,venerdì,34,0,sole,0,0,0,0,0,0,0,0
1375,2019-06-01,21,sabato,28,0,sole,0,0,0,0,0,0,0,0
1376,2019-06-02,23,domenica,28,Festa della Repubblica,sole,0,0,0,0,0,0,0,0
1377,2019-06-04,25,martedì,26,0,sole,0,0,0,0,1,0,1,0
1378,2019-06-05,24,mercoledì,27,0,sole,0,0,0,0,0,0,1,0
1379,2019-06-06,21,giovedì,39,0,sole,0,0,0,0,0,0,0,0
1380,2019-06-07,21,venerdì,26,0,sole,0,0,0,0,0,0,0,0
1381,2019-06-08,24,sabato,29,0,sole,0,0,0,0,0,0,0,0
1382,2019-06-09,24,domenica,42,Pentecoste,sole,0,0,0,0,0,0,0,0
1383,2019-06-11,27,martedì,28,0,sole,0,0,0,0,0,0,0,0
1384,2019-06-12,26,mercoledì,23,0,sole,0,0,0,0,0,0,0,0
1385,2019-06-13,24,giovedì,27,0,sole,0,0,0,0,0,0,0,0
1386,2019-06-14,24,venerdì,31,0,sole,0,0,0,0,0,0,0,0
1387,2019-06-15,26,sabato,24,0,sole,0,0,0,0,0,0,0,0
1388,2019-06-16,26,domenica,31,0,sole,0,0,0,0,0,0,0,0
1389,2019-06-18,26,martedì,33,0,sole,0,0,0,0,0,0,0,0
1390,2019-06-19,27,mercoledì,23,0,sole,0,0,0,0,0,0,0,0
1391,2019-06-20,26,giovedì,33,0,sole,0,0,0,0,0,0,0,0
1392,2019-06-21,26,venerdì,32,0,sole,0,0,0,0,0,0,0,0
1393,2019-06-22,24,sabato,41,0,sole,0,0,0,0,0,0,0,0
1394,2019-06-23,24,domenica,45,0,sole,0,0,0,0,0,0,0,0
1395,2019-06-25,28,martedì,20,0,sole,0,0,0,0,0,0,0,0
1396,2019-06-26,30,mercoledì,16,0,sole,0,0,0,0,0,0,0,0
1397,2019-06-27,31,giovedì,24,0,sole,0,0,0,0,0,0,0,0
1398,2019-06-28,31,venerdì,29,0,sole,0,0,0,0,0,0,0,0
1399,2019-06-29,29,sabato,29,0,sole,0,0,0,0,0,0,0,0
1400,2019-06-30,29,domenica,20,0,sole,0,0,0,0,0,0,0,0
1401,2019-07-02,28,martedì,22,0,sole,0,0,0,0,0,1,0,0
1402,2019-07-03,27,mercoledì,28,0,sole,0,0,0,0,0,0,0,0
1403,2019-07-04,25,giovedì,28,0,sole,0,0,1,0,0,1,0,1
1404,2019-07-05,27,venerdì,35,0,sole,0,0,0,0,0,0,0,0
1405,2019-07-06,29,sabato,43,0,sole,0,0,0,0,0,0,0,0
1406,2019-07-07,26,domenica,57,0,sole,0,0,0,0,0,0,0,0
1407,2019-07-09,24,martedì,39,0,sole,0,0,0,0,0,0,0,0
1408,2019-07-10,24,mercoledì,32,0,sole,0,0,0,0,0,0,0,0
1409,2019-07-11,24,giovedì,42,0,sole,0,0,0,0,0,0,0,0
1410,2019-07-12,24,venerdì,38,0,sole,1,0,0,0,1,1,0,0
1411,2019-07-13,23,sabato,48,0,sole,0,0,0,0,0,0,0,0
1412,2019-07-14,23,domenica,37,0,sole,0,0,0,0,0,0,0,0
1413,2019-07-16,23,martedì,33,0,sole,0,0,0,0,0,0,0,0
1414,2019-07-17,25,mercoledì,24,0,sole,0,0,0,0,0,0,0,0
1415,2019-07-18,24,giovedì,30,0,sole,0,0,0,0,0,0,0,0
1416,2019-07-19,25,venerdì,34,0,sole,0,0,0,0,0,0,0,0
1417,2019-07-20,26,sabato,36,0,sole,0,0,0,0,0,0,0,0
1418,2019-07-21,27,domenica,30,0,sole,0,0,0,0,0,0,0,0
1419,2019-07-23,29,martedì,26,0,sole,0,0,0,0,0,0,0,0
1420,2019-07-24,30,mercoledì,23,0,sole,0,0,0,0,0,0,0,0
1421,2019-07-25,30,giovedì,29,0,sole,0,0,0,0,0,0,0,0
1422,2019-07-26,30,venerdì,33,0,sole,0,0,0,0,0,0,0,0
1423,2019-07-27,24,sabato,29,0,sole,0,0,0,0,0,0,0,0
1424,2019-07-28,21,domenica,39,0,sole,0,0,0,0,0,0,0,0
1425,2019-07-30,27,martedì,31,0,sole,0,0,0,0,0,0,0,0
1426,2019-07-31,26,mercoledì,22,0,sole,0,0,0,0,0,0,0,0
1427,2019-08-01,28,giovedì,26,0,sole,0,0,0,0,0,0,0,0
1428,2019-08-02,24,venerdì,31,0,sole,1,0,0,0,0,0,0,0
1429,2019-08-03,23,sabato,23,0,sole,0,0,0,0,1,0,0,0
1430,2019-08-04,25,domenica,29,0,sole,1,0,0,0,0,0,0,0
1431,2019-08-06,26,martedì,28,0,sole,0,0,0,0,0,0,0,0
1432,2019-08-07,24,mercoledì,27,0,sole,0,0,0,0,0,0,0,0
1433,2019-08-08,25,giovedì,22,0,sole,0,0,0,0,0,0,0,0
1434,2019-08-09,27,venerdì,26,0,sole,0,0,0,0,0,0,0,0
1435,2019-08-10,28,sabato,12,0,sole,0,0,0,0,0,0,0,0
1436,2019-08-11,28,domenica,29,0,sole,0,0,0,0,0,0,0,0
1437,2019-08-13,25,martedì,21,0,sole,0,0,0,0,0,0,0,0
1438,2019-08-14,23,mercoledì,23,0,sole,0,0,0,0,0,0,0,0
1439,2019-08-16,23,venerdì,23,0,sole,0,0,0,0,0,0,0,0
1440,2019-08-17,23,sabato,26,0,sole,0,0,0,0,0,0,0,0
1441,2019-08-18,25,domenica,26,0,sole,0,0,0,0,0,0,0,0
1442,2019-08-20,27,martedì,32,0,sole,0,0,0,0,0,0,0,0
1443,2019-08-21,26,mercoledì,29,0,sole,0,0,0,0,0,0,0,0
1444,2019-08-22,25,giovedì,23,0,sole,0,0,0,0,0,0,0,0
1445,2019-08-23,24,venerdì,34,0,sole,0,0,0,0,0,0,0,0
1446,2019-08-24,25,sabato,46,0,sole,0,0,0,0,1,0,0,1
1447,2019-08-25,25,domenica,35,0,sole,1,0,0,0,0,1,1,0
1448,2019-08-27,26,martedì,33,0,sole,0,0,0,0,0,0,0,0
1449,2019-08-28,25,mercoledì,33,0,sole,0,0,0,0,0,0,0,0
1450,2019-08-29,25,giovedì,34,0,sole,0,0,0,0,0,0,0,0
1451,2019-08-30,27,venerdì,36,0,sole,1,0,0,0,0,0,0,0
1452,2019-08-31,26,sabato,41,0,sole,0,0,0,0,1,0,1,1
1453,2019-09-01,25,domenica,39,0,sole,0,0,0,0,0,0,0,0
1454,2019-09-03,23,martedì,32,0,sole,1,0,0,0,0,0,1,0
1455,2019-09-04,21,mercoledì,28,0,sole,0,0,0,0,0,0,0,0
1456,2019-09-05,22,giovedì,33,0,sole,0,0,0,0,0,0,0,0
1457,2019-09-06,18,venerdì,47,0,sole,0,0,0,0,0,0,0,0
1458,2019-09-07,19,sabato,38,0,sole,0,0,0,0,0,0,0,0
1459,2019-09-08,17,domenica,44,0,sole,0,0,0,0,0,0,0,0
1460,2019-09-10,19,martedì,39,0,sole,0,0,0,0,0,0,0,0
1461,2019-09-11,19,mercoledì,28,0,sole,0,0,1,0,0,0,0,1
1462,2019-09-12,22,giovedì,38,0,sole,0,0,0,0,0,0,0,0
1463,2019-09-13,22,venerdì,35,0,sole,0,0,0,0,0,0,0,0
1464,2019-09-14,22,sabato,42,0,sole,1,0,1,0,1,0,0,1
1465,2019-09-15,23,domenica,50,0,sole,0,0,0,0,0,1,1,0
1466,2019-09-17,24,martedì,27,0,sole,0,0,0,0,0,0,0,0
1467,2019-09-18,22,mercoledì,35,0,sole,0,0,0,0,0,0,0,0
1468,2019-09-19,19,giovedì,34,0,sole,0,0,0,0,0,0,0,0
1469,2019-09-20,17,venerdì,43,0,sole,0,0,0,0,0,0,0,0
1470,2019-09-21,15,sabato,38,0,sole,1,0,1,0,1,0,1,0
1471,2019-09-22,16,domenica,49,0,sole,0,0,0,0,0,1,0,1
1472,2019-09-24,18,martedì,32,0,sole,0,0,0,0,1,0,0,0
1473,2019-09-25,17,mercoledì,31,0,sole,1,0,1,0,0,1,0,1
1474,2019-09-26,19,giovedì,33,0,sole,0,0,0,0,0,0,1,0
1475,2019-09-27,19,venerdì,27,0,sole,0,0,0,0,0,0,0,0
1476,2019-09-28,20,sabato,50,0,sole,0,0,1,0,1,0,0,0
1477,2019-09-29,19,domenica,50,0,sole,1,0,0,0,0,1,1,1
1478,2019-10-01,21,martedì,36,0,sole,0,0,0,0,0,0,0,0
1479,2019-10-02,19,mercoledì,35,0,sole,0,0,0,0,1,0,1,0
1480,2019-10-03,15,giovedì,37,0,sole,0,0,1,0,0,1,0,1
1481,2019-10-04,14,venerdì,45,0,sole,0,0,0,0,0,0,0,0
1482,2019-10-05,15,sabato,48,0,sole,0,0,0,0,0,0,0,0
1483,2019-10-06,15,domenica,47,0,sole,0,0,0,0,0,0,0,0
1484,2019-10-08,15,martedì,24,0,sole,0,0,0,0,0,0,0,0
1485,2019-10-09,15,mercoledì,30,0,sole,0,0,0,0,0,0,0,0
1486,2019-10-10,15,giovedì,36,0,sole,0,0,0,0,0,0,0,0
1487,2019-10-11,15,venerdì,48,0,sole,1,0,0,0,1,1,1,0
1488,2019-10-12,14,sabato,53,0,sole,0,0,0,0,0,0,0,0
1489,2019-10-13,14,domenica,45,0,sole,0,0,0,0,0,0,0,0
1490,2019-10-15,18,martedì,34,0,sole,0,0,0,0,0,0,0,0
1491,2019-10-16,14,mercoledì,42,0,sole,0,0,0,0,0,0,0,0
1492,2019-10-17,15,giovedì,41,0,sole,0,0,0,0,0,0,0,0
1493,2019-10-18,16,venerdì,37,0,sole,0,0,0,0,0,0,0,0
1494,2019-10-19,16,sabato,53,0,sole,0,0,0,0,1,1,0,1
1495,2019-10-20,18,domenica,59,0,sole,1,0,1,0,0,0,1,0
1496,2019-10-22,18,martedì,41,0,sole,0,0,0,0,0,0,0,0
1497,2019-10-23,17,mercoledì,38,0,sole,0,0,0,0,0,0,0,0
1498,2019-10-24,16,giovedì,44,0,sole,0,0,0,0,0,0,0,0
1499,2019-10-25,17,venerdì,42,0,sole,0,0,0,0,0,0,0,0
1500,2019-10-26,15,sabato,57,0,sole,1,0,1,0,1,0,0,0
1501,2019-10-27,14,domenica,48,0,sole,0,0,0,0,0,1,1,1
1502,2019-10-29,15,martedì,36,0,sole,1,0,1,0,0,0,0,0
1503,2019-10-30,13,mercoledì,37,0,sole,0,0,0,0,1,1,0,1
1504,2019-10-31,11,giovedì,37,0,sole,0,0,0,0,0,0,1,0
1505,2019-11-01,11,venerdì,49,Ognissanti,sole,0,0,0,0,0,0,0,0
1506,2019-11-02,11,sabato,65,Giorno dei Morti,sole,0,0,0,0,0,0,0,0
1507,2019-11-03,12,domenica,52,0,sole,0,0,0,0,0,0,0,0
1508,2019-11-05,13,martedì,44,0,sole,0,0,0,0,0,1,1,0
1509,2019-11-06,10,mercoledì,45,0,sole,0,0,0,0,0,0,0,0
1510,2019-11-07,10,giovedì,30,0,sole,0,0,0,0,0,0,0,0
1511,2019-11-08,11,venerdì,50,0,sole,0,0,0,0,0,0,0,0
1512,2019-11-09,9,sabato,60,0,sole,0,0,0,0,0,0,0,0
1513,2019-11-10,8,domenica,51,0,sole,0,0,0,0,0,0,0,0
1514,2019-11-12,9,martedì,27,0,sole,0,0,0,0,0,0,0,0
1515,2019-11-13,10,mercoledì,32,0,sole,0,0,0,0,0,0,0,0
1516,2019-11-14,8,giovedì,35,0,sole,0,0,0,0,0,0,0,0
1517,2019-11-15,10,venerdì,54,0,sole,0,0,0,0,0,0,0,0
1518,2019-11-16,8,sabato,52,0,sole,0,0,0,0,0,0,0,0
1519,2019-11-17,9,domenica,43,0,sole,0,0,0,0,0,0,0,0
